-- MySQL dump 10.13  Distrib 5.7.37, for Linux (x86_64)
--
-- Host: localhost    Database: gfcms_demo
-- ------------------------------------------------------
-- Server version	5.7.37-log

/*!40101 SET @OLD_CHARACTER_SET_CLIENT=@@CHARACTER_SET_CLIENT */;
/*!40101 SET @OLD_CHARACTER_SET_RESULTS=@@CHARACTER_SET_RESULTS */;
/*!40101 SET @OLD_COLLATION_CONNECTION=@@COLLATION_CONNECTION */;
/*!40101 SET NAMES utf8mb4 */;
/*!40103 SET @OLD_TIME_ZONE=@@TIME_ZONE */;
/*!40103 SET TIME_ZONE='+00:00' */;
/*!40014 SET @OLD_UNIQUE_CHECKS=@@UNIQUE_CHECKS, UNIQUE_CHECKS=0 */;
/*!40014 SET @OLD_FOREIGN_KEY_CHECKS=@@FOREIGN_KEY_CHECKS, FOREIGN_KEY_CHECKS=0 */;
/*!40101 SET @OLD_SQL_MODE=@@SQL_MODE, SQL_MODE='NO_AUTO_VALUE_ON_ZERO' */;
/*!40111 SET @OLD_SQL_NOTES=@@SQL_NOTES, SQL_NOTES=0 */;

--
-- Table structure for table `cms_ad`
--

DROP TABLE IF EXISTS `cms_ad`;
/*!40101 SET @saved_cs_client     = @@character_set_client */;
/*!40101 SET character_set_client = utf8 */;
CREATE TABLE `cms_ad` (
  `id` int(11) unsigned NOT NULL AUTO_INCREMENT COMMENT '广告id',
  `channel_id` int(11) DEFAULT NULL COMMENT '栏目id',
  `name` varchar(100) DEFAULT NULL COMMENT '广告名称',
  `link` varchar(100) DEFAULT NULL COMMENT '链接地址',
  `img_url` varchar(200) DEFAULT NULL COMMENT '图片',
  `status` tinyint(1) DEFAULT '0' COMMENT '状态(0停用,1显示)',
  `start_time` datetime DEFAULT NULL COMMENT '广告开始时间',
  `end_time` datetime DEFAULT NULL COMMENT '广告结束时间',
  `sort` int(11) DEFAULT '0' COMMENT '排序',
  `remarks` varchar(200) DEFAULT NULL COMMENT '备注',
  `created_at` datetime DEFAULT NULL,
  `updated_at` datetime DEFAULT NULL,
  PRIMARY KEY (`id`)
) ENGINE=InnoDB AUTO_INCREMENT=10 DEFAULT CHARSET=utf8;
/*!40101 SET character_set_client = @saved_cs_client */;

--
-- Dumping data for table `cms_ad`
--

LOCK TABLES `cms_ad` WRITE;
/*!40000 ALTER TABLE `cms_ad` DISABLE KEYS */;
INSERT INTO `cms_ad` VALUES (6,1,'电脑版首页banner2','','/upload/images/2023-02-28/cqu1vjlsi0x5anwc6w.jpeg',1,'2022-11-27 09:14:55','2022-11-27 09:14:55',0,'11','2022-11-08 18:29:48','2023-02-28 16:24:19'),(7,2,'专业生产汽车附件','','/upload/images/2023-02-28/cqu1vjlsi0x5anwc6w.jpeg',1,'2022-11-08 18:29:51','2022-11-08 18:29:51',0,'22','2022-11-08 18:29:55','2023-03-16 10:04:30'),(8,1,'电脑版首页banner1','','/upload/images/2023-02-28/cqu1vddncfxkbodea6.jpeg',1,'2022-11-27 09:03:19','2022-11-27 09:03:19',0,'','2022-11-27 17:03:36','2023-02-28 16:24:06'),(9,2,'过硬的品质真诚与您合作','','/upload/images/2023-02-28/cqu1vddncfxkbodea6.jpeg',1,'2023-01-03 15:05:26','2023-01-03 15:05:26',0,'','2023-01-03 15:05:34','2023-03-16 10:05:14');
/*!40000 ALTER TABLE `cms_ad` ENABLE KEYS */;
UNLOCK TABLES;

--
-- Table structure for table `cms_ad_channel`
--

DROP TABLE IF EXISTS `cms_ad_channel`;
/*!40101 SET @saved_cs_client     = @@character_set_client */;
/*!40101 SET character_set_client = utf8 */;
CREATE TABLE `cms_ad_channel` (
  `id` int(11) unsigned NOT NULL AUTO_INCREMENT,
  `channel_name` varchar(20) DEFAULT '',
  `remarks` varchar(200) DEFAULT '',
  `sort` tinyint(3) DEFAULT '0',
  `created_at` datetime DEFAULT NULL,
  `updated_at` datetime DEFAULT NULL,
  PRIMARY KEY (`id`)
) ENGINE=InnoDB AUTO_INCREMENT=3 DEFAULT CHARSET=utf8;
/*!40101 SET character_set_client = @saved_cs_client */;

--
-- Dumping data for table `cms_ad_channel`
--

LOCK TABLES `cms_ad_channel` WRITE;
/*!40000 ALTER TABLE `cms_ad_channel` DISABLE KEYS */;
INSERT INTO `cms_ad_channel` VALUES (1,'电脑端','电脑端',0,'2022-11-05 15:15:05','2023-01-15 09:30:55'),(2,'移动端','移动端',0,NULL,'2023-01-15 09:31:08');
/*!40000 ALTER TABLE `cms_ad_channel` ENABLE KEYS */;
UNLOCK TABLES;

--
-- Table structure for table `cms_admin`
--

DROP TABLE IF EXISTS `cms_admin`;
/*!40101 SET @saved_cs_client     = @@character_set_client */;
/*!40101 SET character_set_client = utf8 */;
CREATE TABLE `cms_admin` (
  `id` int(11) unsigned NOT NULL AUTO_INCREMENT,
  `username` varchar(20) DEFAULT '' COMMENT '用户名',
  `password` varchar(32) DEFAULT '' COMMENT '密码',
  `name` varchar(20) DEFAULT '' COMMENT '姓名',
  `tel` char(11) DEFAULT '' COMMENT '手机号',
  `email` varchar(100) DEFAULT '' COMMENT '邮箱',
  `status` tinyint(1) DEFAULT '0' COMMENT '状态',
  `is_system` tinyint(4) DEFAULT '0' COMMENT '是否系统用户',
  `created_at` datetime DEFAULT NULL,
  `updated_at` datetime DEFAULT NULL,
  PRIMARY KEY (`id`)
) ENGINE=InnoDB AUTO_INCREMENT=3 DEFAULT CHARSET=utf8;
/*!40101 SET character_set_client = @saved_cs_client */;

--
-- Dumping data for table `cms_admin`
--

LOCK TABLES `cms_admin` WRITE;
/*!40000 ALTER TABLE `cms_admin` DISABLE KEYS */;
INSERT INTO `cms_admin` VALUES (1,'admin','e10adc3949ba59abbe56e057f20f883e','admin','13555555555','123456@qq.com',1,1,'2022-09-03 14:53:51','2022-10-24 11:40:06'),(2,'test','e10adc3949ba59abbe56e057f20f883e','test','15566666666','456789@qq.com',1,0,'2022-10-14 13:56:11','2022-11-04 18:45:49');
/*!40000 ALTER TABLE `cms_admin` ENABLE KEYS */;
UNLOCK TABLES;

--
-- Table structure for table `cms_article`
--

DROP TABLE IF EXISTS `cms_article`;
/*!40101 SET @saved_cs_client     = @@character_set_client */;
/*!40101 SET character_set_client = utf8 */;
CREATE TABLE `cms_article` (
  `id` bigint(20) unsigned NOT NULL AUTO_INCREMENT COMMENT '文章id',
  `title` varchar(255) CHARACTER SET utf8 DEFAULT NULL COMMENT '标题',
  `channel_id` int(11) DEFAULT NULL COMMENT '所属栏目id',
  `keyword` varchar(255) CHARACTER SET utf8 DEFAULT NULL COMMENT '关键词',
  `description` varchar(255) CHARACTER SET utf8 DEFAULT NULL COMMENT '文章摘要',
  `flag` set('p','r','t') CHARACTER SET utf8 DEFAULT '' COMMENT '属性(p:带图,r:推荐,t:置顶)',
  `status` tinyint(4) DEFAULT '0' COMMENT '审核状态(1:已审核,0:未审核)',
  `thumb` varchar(255) CHARACTER SET utf8 DEFAULT NULL COMMENT '缩略图',
  `copy_from` varchar(30) CHARACTER SET utf8 DEFAULT NULL COMMENT '文章来源',
  `click_num` int(11) DEFAULT NULL COMMENT '点击数',
  `sort` int(11) DEFAULT '100' COMMENT '排序',
  `created_at` datetime DEFAULT NULL COMMENT '发布时间',
  `updated_at` datetime DEFAULT NULL COMMENT '编辑时间',
  `deleted_at` datetime DEFAULT NULL COMMENT '删除时间',
  PRIMARY KEY (`id`),
  KEY `channel_id` (`channel_id`) USING BTREE COMMENT 'channel_id',
  KEY `deleted_at` (`deleted_at`) USING BTREE COMMENT 'deleted_at'
) ENGINE=InnoDB AUTO_INCREMENT=18 DEFAULT CHARSET=utf8mb4;
/*!40101 SET character_set_client = @saved_cs_client */;

--
-- Dumping data for table `cms_article`
--

LOCK TABLES `cms_article` WRITE;
/*!40000 ALTER TABLE `cms_article` DISABLE KEYS */;
INSERT INTO `cms_article` VALUES (1,'如何进行市场调查：你真正需要知道的',6,'','影响你的购买决定，你的买家是谁，以及你的特定市场最成功。本质上，你需要了解谁真正想要你的产品，以及如何向他们推销。此外，您必须收集尽可能多的有关目标受众行为的信息。如果没有这一点，你的生意就不会走得很远。这将是一个认识到通过市场调查了解行业、竞争对手和消费者的重要性的人，因为这是你能做的最重要和最有利可图的活动之一。不幸的是，许多公司未能理解这一点。如果预算受到限制，市场营销可能是销售过程中首先被忽略的要素之一，但从长远来看，这可能会增加成本。在这篇文章中，我们将确定营销研究是关于什么以及为什么它是必不可','',1,'','',3,100,'2023-02-25 11:33:02','2023-08-31 09:23:53',NULL),(2,'您的内部指南：什么是竞争环境分析？',6,'','在本文中，您将了解什么是竞争环境分析，为什么它是必要的，以及如何进行竞争环境分析。自行车比赛是世界上最负盛名的比赛之一。运动员们正在从跑道上起飞，以打破纪录或赢得高排名。他们肩并肩赛跑，爬山，然后疯狂下山。随着时间的推移，该领域变得更具挑战性。比赛进行得越久，队伍就越瘦。的确，一个最强壮的骑车人会站在前面，一个平庸的骑车人在后面战斗，而一个虚弱的骑车人则会放弃。我为什么要告诉你？因为竞争经济学非常相似。这可能是一场激烈的比赛，所以你必须坚持下去。您的公司必须通过提供比直接竞争对手更多的产品、创新和超越客户','',1,'','',4,100,'2023-02-25 11:33:44','2023-08-30 18:12:03',NULL),(3,'想进行竞争分析吗？以下是你应该做的7个理由',6,'','你想进行竞争分析，以更好地了解竞争对手，推出新产品，甚至获得更多关于营销策略的想法吗？让我们看看你该怎么做！你开始了一个新的项目：一个鞋品牌（不太像爱德华·格林，但正在崛起）。你认为他们很有可能扰乱这个行业。但你知道，在你开始思考大问题之前，你必须更好地了解你的环境。您需要探索产品的竞争环境，以确定您所在行业中的产品有多相似。更重要的是，在做出任何决定之前，您需要定义您的来源。你知道这些问题的答案是什么吗？但这不应该是正常的。它需要比仅仅查看竞争对手的社交媒体、广告活动或广告努力进行比较更深入。为了获得最','',1,'','',3,100,'2023-02-25 11:34:21','2023-08-31 10:15:41',NULL),(4,'什么是网站策略？为什么你需要它以及你如何做到',6,'','网站是您企业营销和销售成功的重要组成部分，但您如何开始，如何构建符合您的营销和业务目标的网站战略？每个人都知道网站对商业有益。想一想，当你对产品或服务感兴趣时，首先要做的事情之一就是查看网站以了解更多信息。但网站本身是不够的；为你的网站布局、设计和内容制定一个清晰的战略对于一个伟大的企业来说是必要的。无论您准备发布网站还是现有网站，您的企业都需要启动网站战略。你必须开发一个能够提高你的数字外观的有效性，并使你的网站对你和你的潜在客户更有利的网站。事实上，任何现代营销策略都应该包括网站内容策略。当一个商业网','',1,'','',3,100,'2023-02-25 11:34:45','2023-08-30 18:32:29',NULL),(5,'微观和宏观影响者：如何工作',6,'','营销的形式正在改变。如果最初我们信任广告，现在我们信任谈论不同类型产品的影响者。这些天，有影响力的人越来越受欢迎，因为人们对他们的信任超过了电视或杂志上的传统营销。他们是像你一样的人，但在社交媒体上有大量追随者。重要的是要记住，一个有影响力的人可以拥有一小部分追随者，但仍然比拥有大量追随者的其他人更有影响力。这是因为听众强调寻找能够在特定市场和社区引起共鸣的真实声音。对于千禧一代来说，真实性也非常重要，因为他们是购买在线产品的最大市场，他们是要抓住的。另一个需要记住的是参与率，根据Corporate Fi','',1,'','',2,100,'2023-02-25 11:35:07','2023-06-17 21:48:49',NULL),(6,'如何进行竞争性定价分析',6,'','重要的是要记住，我们在这里的使命是提供一种产品或服务，可以在竞争中获得竞争优势，但您仍然希望获得利润率。这可能令人望而生畏；为了确保利润，你可能会将价格过高，吓跑潜在客户。那么为什么不选择一个更低的价格呢？嗯，你可能会严重损害你的利润和营业额。或者，在最佳情况下，你会吸引错误的客户。的确，有很多事情需要考虑。但一种常见的定价策略是进行竞争性定价分析。这是一种有效的方式，可以选择所有行业企业使用的价格。根据竞争情况为产品定价不仅是一个很好的出发点，而且还可以帮助您在保持甚至利用市场份额的同时区分品牌。这对零','',1,'','',4,100,'2023-02-25 11:35:26','2023-08-31 08:38:02',NULL),(7,'如何制定营销策略：你需要知道的一切',6,'','一个精心调整的营销策略可以让你的品牌获得成功。尽管制定营销策略的原则保持不变，但仅在2022年，我们就看到了向不同类型内容的重大转变，例如短视频。因此，例如，你需要从一个客户问题开始，进行SWOT分析，跟踪你的竞争对手，并试图找出他们的弱点，让你脱颖而出。新平台的兴起和衰落是惊人的（看着你，马克·扎克伯格-当你宣布所谓的Meta时，我们感到震惊！）不要忘记全球大流行给我们带来了什么（它的影响一直持续到现在！）因此，所有企业都比以往更快地经历了数字化转型。简而言之，过去对你的营销策略起到了很好的作用，但今天','',1,'','',15,100,'2023-02-25 11:36:29','2023-11-05 14:46:26',NULL),(8,'企业自动化改造，怎么做？',2,'','未来企业需要根据市场需求，弹性地调整产能，实现个性化定制，制造出智能的产品。这不能仅依靠自动化技术来实现，还必须依靠信息化技术来解决业务层面的问题，为工厂赋予智慧，为市场决策、数据分析、判断、调控、质量管控、售后服务等提供依据和支持。自动化必须与信息化结合才能够发挥最大功效，否则单纯的自动化是没有意义的。自动化改造 大势所趋提高生产效率降低劳动成本节能减排降低了工人的劳动强度提升产品质量及稳定性缩短产品生产周期自动化改造方式与途径1、自动化与信息化的融合未来企业需要根据市场需求，弹性地调整产能，实现个性化','p',1,'/upload/images/2023-02-25/cqrf79zy112ywe58p3.jpg','',6,100,'2023-02-25 14:12:54','2023-11-05 14:12:32',NULL),(9,'焊接机械有哪些注意事项？',2,'','一、电源投入使用前，请确认以下事项：1）安全栅栏有无破损。2）是否按要求穿戴工作服。3）是否准备保护用品（安全帽、安全鞋等）。4）机器人本体、控制箱、控制电缆有无破损。5）焊机、焊接电缆有无破损。6）安全装置（紧急停止、安全插销、配线等）有无破损。二、示教作业前，确认有无异响及异常。1）手动操作机器人，确认有无异响及异常。2）在伺服电源供电状态按压紧急停止按钮，确认机器人的伺服供电能否正确切断。3）在伺服电源供电状态松开示教盒背面的拉杆开关，确认机器人伺服供电能够正确切断。三、示教操作过程中，请确认一下事','p',1,'/upload/images/2023-02-25/cqrf86nikpsz6cgxsg.png','',2,100,'2023-02-25 14:14:08','2023-08-31 04:55:45',NULL),(10,'“机器人家族”进驻生产线，产品生产自动化率达85%',2,'','公司安装有智能装备管理平台，现已安装搬运和焊接机器人310台（套），规划全部建成后将达500余台（套），设备联网率达到95%。焊接流水线已投入使用32条，规划安装50条，产品全流水线自动化率达85%。全自动双梁主梁内缝机器人焊接工作站该工作站主要用于实现双梁主梁内缝的自动焊接，人工上料横纵基本对中后，通过L臂液压翻转机进行工件±90°翻转，机器人自动寻位焊接。大幅提升了焊缝质量，提升起重机结构件焊接的效能，尤其是在内焊缝的焊接上表现出较大的优势。从而使起重机主梁生产线实现每小时出台成品，生产时间减少40%','p',1,'/upload/images/2023-02-25/cqrf9h1inblgqabs4l.jpg','',1,100,'2023-02-25 14:15:45','2023-08-31 12:24:07',NULL),(11,'木工机械安全知识大全 木工机械的修理和使用须知',2,'','1.小修的工作(1)局部拆卸已遭严重磨损或损坏的零．构件；(2)清洗被拆卸的零、构件，进行修理或更换；(3)检验主轴、刀轴或锯轴，必要时加以修理：(4)易损件如轴承、导向装镫和其它摩擦表面的修整或更换；(5)工作台、刀架．导尺等工作表面的修整；(6)操纵机构、电气联锁装置．开关和定位器的检验和调整；(7)液压系统及润滑装置的调整和修理，更换油液：(8)传动件的配合精度的检验、弹簧张紧度的调节以及刀架均匀性和工作台移动的调节：(9)保护装置、吸尘装置的检查和调整；(10)机床空载试车，检验噪音及渝升，工件精','p',1,'/upload/images/2023-02-25/cqrfalo0wcrifnna39.png','',1,100,'2023-02-25 14:17:14','2023-08-30 22:06:06',NULL),(12,'数控机床的工作原理',2,'','数控机床的工作原理为：数控装置内的计算机对通过输入装置以数字和字符编码方式所记录的信息进行一系列处理后，再通过伺服系统及可编程序控制器向机床主轴及进给等执行机构发出指令，机床主体则按照这些指令，从而完成工件的加工。数控机床的加工精度一般可达0.05—0.1MM，数控机床是按数字信号形式控制的，数控装置每输出一脉冲信号，则机床移动部件移动一具脉冲当量（一般为0.001MM），而且机床进给传动链的反向间隙与丝杆螺距平均误差可由数控装置进行曲补偿，因此，数控机床定位精度比较高。数控机床加工前是经调整好后，输入程','p',1,'/upload/images/2023-02-25/cqrfbm2d2qy3ufjyf8.jpg','',3,100,'2023-02-25 14:18:34','2023-08-31 05:09:08',NULL),(13,'机械化将成为未来的趋势',2,'','人类在劳动实践中创造了生产工具，最早发明的一些简单工具后来演变成为简单机械，它包括劈、斜面、螺旋、杠杆和滑轮等。在中国战国时期的著作《墨经》中和古希腊阿基米德的著作中都有关于简单机械及其力学原理的论述。　　机械利益 　起初人们应用简单机械主要是为了获得机械利益，即用小的力来获得大的力，或称为增力。如称施于机械上的驱动力为输入力，从机械所获得的有用力为输出力，则机械利益定义为输出力与输入力的比值。除了能改变力的大小外，有时为了改变作用力的方向或作用点的位置而应用简单机械。此外，有时为了增大位移而应用简单机械','p',1,'/upload/images/2023-02-25/cqrfcgqq78b115bikg.png','',305,100,'2023-02-25 14:19:50','2023-08-30 23:34:39',NULL),(14,'起重吊装搬运设备有哪些需要主要检查的项目？',2,'','主要执行2-100吨重型设备吊装，可实现80吨大型设备平台吊装。起重吊装机具齐全：拥有最大550吨T液压龙门吊、普通龙门吊、25~220T各式汽车起重机、随车吊等吊装工具。专业的起重机驾驶员、专业司索执证上岗。根据明通设备吊装作业指导手册进行规范化作业1、为保证公司整体搬迁工作有序进行，搬迁工作应遵循“统一领导、分工负责、协调配合”的方针，力求确保顺利搬迁。1），注意吊车标牌上标定的起重量，通常都是指吊车的额定起重量，应醒目表示在吊车结构的明显位置上。 　2），对于臂架类型吊车来说，其额定起重量是随幅度而','p',1,'/upload/images/2023-02-25/cqrfebsw9zoubmw3g6.jpg','',2,100,'2023-02-25 14:22:07','2023-08-30 21:45:47',NULL),(15,'技术创新：传统PET注塑机的技术新变革，提升产能新方向',2,'','功能特点A、适用范围广:既能实现方瓶/扁瓶(满瓶状态)的侧面(平面)单张贴标/拐角抚标，还能实现圆瓶周向定位单张/双张贴覆功能B、独特的分料机构，确保与生产线联机使用时的可靠、有效分料C、独特的拐角扶标机构确保方瓶三侧面拐角贴标平整、不起皱D、既能单机使用，又能与生产线配合使用应用*适用标签:不干胶标签，不干胶膜，电子监管码，条形码等;*适用产品:要求在圆周面、圆锥面、四方面上贴附标签或膜的产品;*应用行业:广泛应用于食品、玩具、日化、电子、医药、五金、塑胶等行业;*应用实例:PET圆瓶贴标，塑料瓶贴标，','',1,'','',16,100,'2023-02-25 14:23:57','2023-11-15 05:43:58',NULL),(16,'我国五金产业发展迅捷 市场潜力无限',2,'','买房装修，不只客厅、房间要装潢得美美的，卫浴设计也是一大重点哦。尤其浴室是我们每天使用的空间，如果能有温泉汤屋般的舒压气氛，或是明亮实用的设计，不仅日后方便使用，如厕心情也大提升。而普遍住家的卫浴空间约占1.2平，稍微宽敞的可能到1.8平左右，这样的小空间该如何使用，小编就来和大家分享如何规划完美的卫浴空间。　　靠前招：淋浴间+浴缸节省空间看这里!　　以普遍住家的空间分配来说，若不是属于大坪数的豪宅格局，卫浴通常只有约1.5坪的大小，而基本配置有马桶、面盆、淋浴间，应该如何正确配置就显得格外重要。设计师建','p',1,'/upload/images/2023-02-25/cqrfifojp53p2wbgtw.png','',500,100,'2023-02-25 14:27:30','2023-11-16 15:40:49',NULL),(17,'触感智能锁具，坚持精益求精',2,'','10月12日，世人瞩目的2017阿里巴巴“云栖大会”顺利完成了第2天的全部议程。在主论坛上，阿里及各界大佬的演讲主题，纷纷聚焦于IOT、云智能等领域。在分论坛上，云栖大会更是在一天内先后安排了IOT智能城市峰会以及物联网市场专场分享会，为大家详尽介绍了这些新技术的落地实践以及智能化未来的发展趋势。可见，IOT、云智能、物联网等领域已经成为了众人关注的新焦点，也撑起了这次云栖大会的半壁江山。而作为代表智能锁行业亮相云栖大会的科技企业，触感这次又在IOT、物联网、云智能等新技术上，领先了行业一步。触感此次能带','',1,'','',1139,100,'2023-02-25 14:29:09','2023-11-15 10:46:46',NULL);
/*!40000 ALTER TABLE `cms_article` ENABLE KEYS */;
UNLOCK TABLES;

--
-- Table structure for table `cms_article_body`
--

DROP TABLE IF EXISTS `cms_article_body`;
/*!40101 SET @saved_cs_client     = @@character_set_client */;
/*!40101 SET character_set_client = utf8 */;
CREATE TABLE `cms_article_body` (
  `id` bigint(20) unsigned NOT NULL AUTO_INCREMENT COMMENT '自增id',
  `article_id` bigint(20) DEFAULT NULL COMMENT '所属文章id',
  `channel_id` int(11) DEFAULT NULL COMMENT '所属栏目id',
  `body` text COMMENT '文章内容',
  `created_at` datetime DEFAULT NULL,
  `updated_at` datetime DEFAULT NULL,
  `deleted_at` date DEFAULT NULL,
  PRIMARY KEY (`id`),
  UNIQUE KEY `article_id` (`article_id`) USING BTREE COMMENT '文章ID索引',
  KEY `channel_id` (`channel_id`) USING BTREE COMMENT 'channel_id',
  KEY `deleted_at` (`deleted_at`) USING BTREE COMMENT 'deleted_at'
) ENGINE=InnoDB AUTO_INCREMENT=33 DEFAULT CHARSET=utf8mb4;
/*!40101 SET character_set_client = @saved_cs_client */;

--
-- Dumping data for table `cms_article_body`
--

LOCK TABLES `cms_article_body` WRITE;
/*!40000 ALTER TABLE `cms_article_body` DISABLE KEYS */;
INSERT INTO `cms_article_body` VALUES (10,NULL,2,'<p>11111</p>','2022-10-31 10:16:45','2022-10-31 10:16:45',NULL),(13,NULL,6,'<p>公司新闻文章测试1公司新闻文章测试1公司新闻文章测试1公司新闻文章测试1公司新闻文章测试1公司新闻文章测试1公司新闻文章测试1公司新闻文章测试1公司新闻文章测试1公司新闻文章测试1公司新闻文章测试1公司新闻文章测试1公司新闻文章测试1公司新闻文章测试1公司新闻文章测试1公司新闻文章测试1公司新闻文章测试1公司新闻文章测试1公司新闻文章测试1公司新闻文章测试1公司新闻文章测试1公司新闻文章测试1公司新闻文章测试1公司新闻文章测试1公司新闻文章测试1公司新闻文章测试1公司新闻文章测试1公司新闻文章测试1公司新闻文章测试1公司新闻文章测试1公司新闻文章测试1公司新闻文章测试1公司新闻文章测试1公司新闻文章测试1公司新闻文章测试1公司新闻文章测试1公司新闻文章测试1公司新闻文章测试1公司新闻文章测试1公司新闻文章测试1公司新闻文章测试1公司新闻文章测试1公司新闻文章测试1公司新闻文章测试1公司新闻文章测试1公司新闻文章测试1公司新闻文章测试1公司新闻文章测试1公司新闻文章测试1公司新闻文章测试1公司新闻文章测试1公司新闻文章测试1公司新闻文章测试1公司新闻文章测试1公司新闻文章测试1公司新闻文章测试1</p><p><br></p><p><img src=\"/upload/images/2022-10-31/cnzz0z2lsn4wvsx6oq.png\" alt=\"\" data-href=\"\" style=\"\"/></p><p><br></p><p>公司新闻文章测试1公司新闻文章测试1公司新闻文章测试1公司新闻文章测试1公司新闻文章测试1公司新闻文章测试1公司新闻文章测试1公司新闻文章测试1公司新闻文章测试1公司新闻文章测试1公司新闻文章测试1公司新闻文章测试1公司新闻文章测试1公司新闻文章测试1公司新闻文章测试1公司新闻文章测试1公司新闻文章测试1公司新闻文章测试1公司新闻文章测试1公司新闻文章测试1公司新闻文章测试1公司新闻文章测试1公司新闻文章测试1公司新闻文章测试1公司新闻文章测试1公司新闻文章测试1公司新闻文章测试1公司新闻文章测试1公司新闻文章测试1公司新闻文章测试1公司新闻文章测试1公司新闻文章测试1公司新闻文章测试1公司新闻文章测试1公司新闻文章测试1公司新闻文章测试1公司新闻文章测试1公司新闻文章测试1公司新闻文章测试1公司新闻文章测试1公司新闻文章测试1公司新闻文章测试1公司新闻文章测试1公司新闻文章测试1公司新闻文章测试1公司新闻文章测试1公司新闻文章测试1公司新闻文章测试1公司新闻文章测试1公司新闻文章测试1公司新闻文章测试1公司新闻文章测试1公司新闻文章测试1公司新闻文章测试1公司新闻文章测试1公司新闻文章测试1公司新闻文章测试1公司新闻文章测试1公司新闻文章测试1公司新闻文章测试1公司新闻文章测试1公司新闻文章测试1公司新闻文章测试1公司新闻文章测试1公司新闻文章测试1公司新闻文章测试1公司新闻文章测试1公司新闻文章测试1公司新闻文章测试1公司新闻文章测试1公司新闻文章测试1公司新闻文章测试1公司新闻文章测试1公司新闻文章测试1公司新闻文章测试1公司新闻文章测试1公司新闻文章测试1公司新闻文章测试1公司新闻文章测试1公司新闻文章测试1公司新闻文章测试1公司新闻文章测试1公司新闻文章测试1公司新闻文章测试1公司新闻文章测试1公司新闻文章测试1公司新闻文章测试1公司新闻文章测试1公司新闻文章测试1公司新闻文章测试1公司新闻文章测试1公司新闻文章测试1公司新闻文章测试1公司新闻文章测试1公司新闻文章测试1公司新闻文章测试1公司新闻文章测试1公司新闻文章测试1</p>','2022-10-31 17:15:11','2022-10-31 17:15:11',NULL),(14,NULL,6,'<p>公司新闻文章测试1公司新闻文章测试1公司新闻文章测试1公司新闻文章测试1公司新闻文章测试1公司新闻文章测试1公司新闻文章测试1公司新闻文章测试1公司新闻文章测试1公司新闻文章测试1公司新闻文章测试1公司新闻文章测试1公司新闻文章测试1公司新闻文章测试1公司新闻文章测试1公司新闻文章测试1公司新闻文章测试1公司新闻文章测试1公司新闻文章测试1公司新闻文章测试1公司新闻文章测试1公司新闻文章测试1公司新闻文章测试1公司新闻文章测试1公司新闻文章测试1公司新闻文章测试1公司新闻文章测试1公司新闻文章测试1公司新闻文章测试1公司新闻文章测试1公司新闻文章测试1公司新闻文章测试1公司新闻文章测试1公司新闻文章测试1公司新闻文章测试1公司新闻文章测试1公司新闻文章测试1公司新闻文章测试1公司新闻文章测试1公司新闻文章测试1公司新闻文章测试1公司新闻文章测试1公司新闻文章测试1公司新闻文章测试1公司新闻文章测试1公司新闻文章测试1公司新闻文章测试1公司新闻文章测试1公司新闻文章测试1公司新闻文章测试1公司新闻文章测试1公司新闻文章测试1公司新闻文章测试1公司新闻文章测试1公司新闻文章测试1公司新闻文章测试1</p><p><br></p><p><img src=\"/upload/images/2022-10-31/cnzz0z2lsn4wvsx6oq.png\" alt=\"\" data-href=\"\" style=\"\"/></p><p><br></p><p>公司新闻文章测试1公司新闻文章测试1公司新闻文章测试1公司新闻文章测试1公司新闻文章测试1公司新闻文章测试1公司新闻文章测试1公司新闻文章测试1公司新闻文章测试1公司新闻文章测试1公司新闻文章测试1公司新闻文章测试1公司新闻文章测试1公司新闻文章测试1公司新闻文章测试1公司新闻文章测试1公司新闻文章测试1公司新闻文章测试1公司新闻文章测试1公司新闻文章测试1公司新闻文章测试1公司新闻文章测试1公司新闻文章测试1公司新闻文章测试1公司新闻文章测试1公司新闻文章测试1公司新闻文章测试1公司新闻文章测试1公司新闻文章测试1公司新闻文章测试1公司新闻文章测试1公司新闻文章测试1公司新闻文章测试1公司新闻文章测试1公司新闻文章测试1公司新闻文章测试1公司新闻文章测试1公司新闻文章测试1公司新闻文章测试1公司新闻文章测试1公司新闻文章测试1公司新闻文章测试1公司新闻文章测试1公司新闻文章测试1公司新闻文章测试1公司新闻文章测试1公司新闻文章测试1公司新闻文章测试1公司新闻文章测试1公司新闻文章测试1公司新闻文章测试1公司新闻文章测试1公司新闻文章测试1公司新闻文章测试1公司新闻文章测试1公司新闻文章测试1公司新闻文章测试1公司新闻文章测试1公司新闻文章测试1公司新闻文章测试1公司新闻文章测试1公司新闻文章测试1公司新闻文章测试1公司新闻文章测试1公司新闻文章测试1公司新闻文章测试1公司新闻文章测试1公司新闻文章测试1公司新闻文章测试1公司新闻文章测试1公司新闻文章测试1公司新闻文章测试1公司新闻文章测试1公司新闻文章测试1公司新闻文章测试1公司新闻文章测试1公司新闻文章测试1公司新闻文章测试1公司新闻文章测试1公司新闻文章测试1公司新闻文章测试1公司新闻文章测试1公司新闻文章测试1公司新闻文章测试1公司新闻文章测试1公司新闻文章测试1公司新闻文章测试1公司新闻文章测试1公司新闻文章测试1公司新闻文章测试1公司新闻文章测试1公司新闻文章测试1公司新闻文章测试1公司新闻文章测试1公司新闻文章测试1公司新闻文章测试1公司新闻文章测试1公司新闻文章测试1</p>','2022-10-31 17:16:06','2022-10-31 17:16:06',NULL),(15,NULL,6,'<p>11111111111新闻文章测试1公司新闻文章测试1公司新闻文章测试1公司新闻文章测试1公司新闻文章测试1公司新闻文章测试1公司新闻文章测试1公司新闻文章测试1公司新闻文章测试1公司新闻文章测试1公司新闻文章测试1公司新闻文章测试1公司新闻文章测试1公司新闻文章测试1公司新闻文章测试1公司新闻文章测试1公司新闻文章测试1公司新闻文章测试1公司新闻文章测试1</p><p><br></p><p><img src=\"/upload/images/2022-10-31/cnzz0z2lsn4wvsx6oq.png\" alt=\"\" data-href=\"\" style=\"\"/></p><p><br></p><p>公司新闻文章测试1公司新闻文章测试1公司新闻文章测试1公司新闻文章测试1公司新闻文章测试1公司新闻文章测试1公司新闻文章测试1公司新闻文章测试1公司新闻文章测试1公司新闻文章测试1公司新闻文章测试1公司新闻文章测试1公司新闻文章测试1公司新闻文章测试1公司新闻文章测试1公司新闻文章测试1公司新闻文章测试1公司新闻文章测试1公司新闻文章测试1公司新闻文章测试1公司新闻文章测试1公司新闻文章测试1公司新闻文章测试1公司新闻文章测试1公司新闻文章测试1公司新闻文章测试1公司新闻文章测试1公司新闻文章测试1公司新闻文章测试1公司新闻文章测试1公司新闻文章测试1公司新闻文章测试1公司新闻文章测试1公司新闻文章测试1公司新闻文章测试1公司新闻文章测试1公司新闻文章测试1公司新闻文章测试1公司新闻文章测试1公司新闻文章测试1公司新闻文章测试1公司新闻文章测试1公司新闻文章测试1公司新闻文章测试1公司新闻文章测试1公司新闻文章测试1公司新闻文章测试1公司新闻文章测试1公司新闻文章测试1公司新闻文章测试1公司新闻文章测试1公司新闻文章测试1公司新闻文章测试1公司新闻文章测试1公司新闻文章测试1公司新闻文章测试1公司新闻文章测试1公司新闻文章测试1公司新闻文章测试1公司新闻文章测试1公司新闻文章测试1公司新闻文章测试1公司新闻文章测试1公司新闻文章测试1公司新闻文章测试1公司新闻文章测试1公司新闻文章测试1公司新闻文章测试1公司新闻文章测试1公司新闻文章测试1公司新闻文章测试1公司新闻文章测试1公司新闻文章测试1公司新闻文章测试1公司新闻文章测试1公司新闻文章测试1公司新闻文章测试1公司新闻文章测试1公司新闻文章测试1公司新闻文章测试1公司新闻文章测试1公司新闻文章测试1公司新闻文章测试1公司新闻文章测试1公司新闻文章测试1公司新闻文章测试1公司新闻文章测试1公司新闻文章测试1公司新闻文章测试1公司新闻文章测试1公司新闻文章测试1公司新闻文章测试1公司新闻文章测试1公司新闻文章测试1公司新闻文章测试1公司新闻文章测试1公司新闻文章测试1公司新闻文章测试1</p>','2022-11-01 10:09:36','2022-11-01 10:09:36',NULL),(16,1,6,'<p style=\"text-align: start;\">影响你的购买决定，你的买家是谁，以及你的特定市场最成功。本质上，你需要了解谁真正想要你的产品，以及如何向他们推销。</p><p style=\"text-align: start;\"><br></p><p style=\"text-align: start;\">此外，您必须收集尽可能多的有关目标受众行为的信息。如果没有这一点，你的生意就不会走得很远。</p><p style=\"text-align: start;\"><br></p><p style=\"text-align: start;\">这将是一个认识到通过市场调查了解行业、竞争对手和消费者的重要性的人，因为这是你能做的最重要和最有利可图的活动之一。不幸的是，许多公司未能理解这一点。如果预算受到限制，市场营销可能是销售过程中首先被忽略的要素之一，但从长远来看，这可能会增加成本。</p><p style=\"text-align: start;\"><br></p><p style=\"text-align: start;\">在这篇文章中，我们将确定营销研究是关于什么以及为什么它是必不可少的。最重要的是，如何进行营销研究和其他许多工作。</p><p style=\"text-align: start;\"><br></p><p style=\"text-align: start;\">让我们面对现实吧：将研究与任何一个词配对都会使话题变得乏味。因此，即使这个词在标题中得到了正确的支持，它也会让它自动听起来平淡无奇。</p><p style=\"text-align: start;\"><br></p><p style=\"text-align: start;\">至少营销人员或成功的企业主已经习惯了这种感觉，直到他们意识到了解你的受众、他们的需求、需求、目标以及他们试图实现的一切的真正力量。</p><p style=\"text-align: start;\"><br></p><p style=\"text-align: start;\">市场研究，也称为市场研究，是指通过市场分析和调查来评估新产品或服务的可行性。这是任何商业计划中不可避免的一部分，可能是成功与失败的区别。</p><p style=\"text-align: start;\"><br></p><p style=\"text-align: start;\">换句话说，这一领域需要通过用户驱动的市场研究来确定创新产品或服务的可行性。</p><p style=\"text-align: start;\"><br></p><p style=\"text-align: start;\">通过营销研究，企业可以回答是否对其产品或服务有需求，设定什么价位，以及如何最好地到达目标市场。这些信息对于制定成功的商业营销战略至关重要。</p><p style=\"text-align: start;\"><br></p><p style=\"text-align: start;\">有各种类型的营销研究，但都有相同的目标：提供有助于做出更好商业决策的见解。无论是进行消费者调查、焦点小组，还是分析社交媒体平台的数据，营销研究都能提供有价值的见解，帮助企业实现目标。</p>','2023-02-25 11:33:02','2023-02-25 11:33:02',NULL),(17,2,6,'<p>在本文中，您将了解什么是竞争环境分析，为什么它是必要的，以及如何进行竞争环境分析。</p><p><br></p><p>自行车比赛是世界上最负盛名的比赛之一。运动员们正在从跑道上起飞，以打破纪录或赢得高排名。他们肩并肩赛跑，爬山，然后疯狂下山。</p><p><br></p><p>随着时间的推移，该领域变得更具挑战性。比赛进行得越久，队伍就越瘦。的确，一个最强壮的骑车人会站在前面，一个平庸的骑车人在后面战斗，而一个虚弱的骑车人则会放弃。</p><p><br></p><p>我为什么要告诉你？</p><p><br></p><p>因为竞争经济学非常相似。这可能是一场激烈的比赛，所以你必须坚持下去。</p><p><br></p><p>您的公司必须通过提供比直接竞争对手更多的产品、创新和超越客户期望来保持竞争力。关注内部和外部环境以利用机会并对任何威胁保持警惕是很重要的，因为竞争环境分析的主要目的是准确地发现竞争对手在做什么。</p><p><br></p><p>让我们来看看如何保持自己在行业中的领先地位。</p><p><br></p><p>什么是竞争环境分析？</p><p><br></p><p>任何竞争环境都由公司竞争以获得更多的市场份额组成。但在这些商业环境中，小企业或志同道合的公司销售类似产品可能很有挑战性。他们想让市场饱和，这意味着每家公司都将获得微薄的利润率。</p><p><br></p><p>这就是为什么零售商必须利用他们的吹嘘能力、定价计划、合作伙伴关系和营销策略来获得买家的关注，最重要的是，赚取他们的美元。</p><p><br></p><p>但市场对所有人都是开放的，随着广泛的数字营销环境，新的进入者出现并成为其他公司的直接竞争对手。因此，对个体企业来说，命名和瞄准特定细分市场变得比任何其他企业都重要。</p><p>这就是我们今天介绍的竞争环境分析，这意味着对竞争的分析，以评估当前或潜在竞争对手的优势和劣势。</p><p><br></p><p>该环境分析是从客户的角度进行评估的。</p><p><br></p>','2023-02-25 11:33:44','2023-02-25 11:33:44',NULL),(18,3,6,'<p style=\"text-align: start;\">你想进行竞争分析，以更好地了解竞争对手，推出新产品，甚至获得更多关于营销策略的想法吗？让我们看看你该怎么做！</p><p style=\"text-align: start;\">你开始了一个新的项目：一个鞋品牌（不太像爱德华·格林，但正在崛起）。你认为他们很有可能扰乱这个行业。</p><p style=\"text-align: start;\">但你知道，在你开始思考大问题之前，你必须更好地了解你的环境。您需要探索产品的竞争环境，以确定您所在行业中的产品有多相似。更重要的是，在做出任何决定之前，您需要定义您的来源。</p><p style=\"text-align: start;\">你知道这些问题的答案是什么吗？</p><p style=\"text-align: start;\">但这不应该是正常的。它需要比仅仅查看竞争对手的社交媒体、广告活动或广告努力进行比较更深入。</p><p style=\"text-align: start;\">为了获得最好的结果，你需要调查他们的历史，他们在销售产品方面的进展，他们认为谁是你最亲密的竞争对手，以及他们在哪里做得不够。</p><p style=\"text-align: start;\">要进行竞争分析，您必须充分了解行业层次结构。例如，它需要探索即将崛起的鞋品牌，并找出你衡量的竞争环境是谁。</p><p style=\"text-align: start;\">你需要知道你的客户可能会浏览并与你的企业进行比较的类似大小的品牌。</p><p style=\"text-align: start;\">事实上，编制这一分析的战略优势在于，它有助于你更好地描绘竞争的图景。这就是你如何获得一个成功的现实生活模板来模仿，同时也能识别和避免失败。</p><p style=\"text-align: start;\">实施竞争分析需要一些努力，但这是值得的。</p><p style=\"text-align: start;\">在这里，我们将介绍为什么您需要进行竞争分析，并给出更具洞察力的建议。</p><p style=\"text-align: start;\">但首先，让我们来定义竞争分析，因此我们从指南的开头就有了明确的含义。</p>','2023-02-25 11:34:21','2023-02-25 11:34:21',NULL),(19,4,6,'<p style=\"text-align: start;\"><a href=\"https://www.92jzh.com/\" target=\"\">网站</a>是您企业营销和销售成功的重要组成部分，但您如何开始，如何构建符合您的营销和业务目标的<a href=\"https://www.92jzh.com/\" target=\"\">网站</a>战略？</p><p style=\"text-align: start;\">每个人都知道<a href=\"https://www.92jzh.com/\" target=\"\">网站</a>对商业有益。想一想，当你对产品或服务感兴趣时，首先要做的事情之一就是查看网站以了解更多信息。但网站本身是不够的；为你的网站布局、设计和内容制定一个清晰的战略对于一个伟大的企业来说是必要的。</p><p style=\"text-align: start;\">无论您准备发布网站还是现有网站，您的企业都需要启动网站战略。你必须开发一个能够提高你的数字外观的有效性，并使你的网站对你和你的潜在客户更有利的网站。</p><p style=\"text-align: start;\">事实上，任何现代营销策略都应该包括网站内容策略。当一个商业网站被很好地规划、设计或有效地构建时，它可以充当一个超级天才的销售人员，向客户展示他们想要看到的一切，甚至代表您的企业进行销售。</p><p style=\"text-align: start;\">无论客户提出什么问题，您的网站都应该为他们提供完美的答案。</p><p style=\"text-align: start;\">您的网站将在您睡着时回答、收集和培育线索。对于许多小企业来说，发展国际客户群并看着他们的组织在线增长也是令人兴奋的。</p><p style=\"text-align: start;\">但我们应该从哪里开始呢？当我们想要建立一个网站时，需要考虑很多事情，包括潜在客户开发、内容创建、设计和用户体验等。</p><p style=\"text-align: start;\">它可能需要时间来探索你的选择，并决定从哪里出发，甚至如何开始规划你的网站战略。</p><p style=\"text-align: start;\">因此，这篇文章将帮助您完成所有事情，从构建或修改网站策略的第一件事，到网站上线前的所有事情。</p><p style=\"text-align: start;\">让我们来看看什么是网站战略，为什么你需要它，以及你如何在简单的步骤中想出一个。</p>','2023-02-25 11:34:45','2023-02-25 11:34:45',NULL),(20,5,6,'<p style=\"text-align: start;\">营销的形式正在改变。如果最初我们信任广告，现在我们信任谈论不同类型产品的影响者。这些天，有影响力的人越来越受欢迎，因为人们对他们的信任超过了电视或杂志上的传统营销。他们是像你一样的人，但在社交媒体上有大量追随者。</p><p style=\"text-align: start;\">重要的是要记住，一个有影响力的人可以拥有一小部分追随者，但仍然比拥有大量追随者的其他人更有影响力。这是因为听众强调寻找能够在特定市场和社区引起共鸣的真实声音。对于千禧一代来说，真实性也非常重要，因为他们是购买在线产品的最大市场，他们是要抓住的。</p><p style=\"text-align: start;\">另一个需要记住的是参与率，根据Corporate Financial Institute的数据，参与率指的是用户创建的内容与关注者之间的互动程度。这意味着参与度可以更高或更低，这取决于关注者的数量以及一个人与观众的互动。事实上，寻找有影响力者的企业必须注意关注关注者的数量，因为有时拥有大量关注者的人可能会被转化为虚假的参与和品牌宣传，而小关注者则可能被转化为信任和良好的参与。</p><p style=\"text-align: start;\">微影响者有大约1万至10万名粉丝，他们更多的是时尚博客、旅游博客、科技评论和生活方式博客。观众将他们视为特定领域的专家。假设你是一名技术学生，想开设一个关于科技行业回收利用重要性的频道。你会看到，你的观众将是一半科技迷，一半环保人士，他们认为这是一个好主意。你会了解你的听众，你会把你的创造力投入到这类话题中。了解两者很重要，这样您就可以创建目标内容。</p><p style=\"text-align: start;\">与微影响力者合作更容易，因为他或她比名人或宏观影响力者更便宜。此外，影响者在特定市场或社区创造品牌知名度。然后，当你使用微观影响者时，参与率比使用宏观影响者更高。</p><p style=\"text-align: start;\">根据营销人员的说法，在你的活动中使用微观影响者是很好的，因为与他们的追随者的互动程度高于宏观影响者。这一比例高达85%，而且比管理一场具有宏观影响力的竞选活动要便宜。他们在特定领域创造品牌知名度，这样人们就可以开始关注该品牌。</p><p style=\"text-align: start;\">然后是品牌和影响力的真实性。我们必须始终记住，影响力者与其追随者之间的纽带是基于信任的。如果他们认为你值得他们信任，他们会帮助你建立粉丝基础。追随者是帮助你获得人气的人，与零浪费和科技品牌的合作将帮助你建立受众。始终保持真实性很重要，因为如果你失去了真实性，你就会失去可信度。</p>','2023-02-25 11:35:07','2023-02-25 11:35:07',NULL),(21,6,6,'<p style=\"text-align: start;\">重要的是要记住，我们在这里的使命是提供一种产品或服务，可以在竞争中获得竞争优势，但您仍然希望获得利润率。</p><p style=\"text-align: start;\">这可能令人望而生畏；为了确保利润，你可能会将价格过高，吓跑潜在客户。那么为什么不选择一个更低的价格呢？嗯，你可能会严重损害你的利润和营业额。或者，在最佳情况下，你会吸引错误的客户。</p><p style=\"text-align: start;\">的确，有很多事情需要考虑。</p><p style=\"text-align: start;\">但一种常见的定价策略是进行竞争性定价分析。这是一种有效的方式，可以选择所有行业企业使用的价格。</p><p style=\"text-align: start;\">根据竞争情况为产品定价不仅是一个很好的出发点，而且还可以帮助您在保持甚至利用市场份额的同时区分品牌。</p><p style=\"text-align: start;\">这对零售企业尤为重要。他们需要另一种方式来区分他们的产品以吸引客户，因为他们都在销售相同的产品。</p><p style=\"text-align: start;\">然而，竞争性定价分析不仅仅是围绕市场、做笔记和定价。竞争性定价分析需要大量的时间和研究才能有效地进行。</p><p style=\"text-align: start;\">在本指南中，我们将了解竞争性定价分析，并探讨如何击败竞争对手并将此策略作为竞争优势。</p>','2023-02-25 11:35:26','2023-02-25 11:35:26',NULL),(22,7,6,'<p style=\"text-align: start;\">一个精心调整的营销策略可以让你的品牌获得成功。</p><p style=\"text-align: start;\">尽管制定营销策略的原则保持不变，但仅在2022年，我们就看到了向不同类型内容的重大转变，例如短视频。因此，例如，你需要从一个客户问题开始，进行SWOT分析，跟踪你的竞争对手，并试图找出他们的弱点，让你脱颖而出。</p><p style=\"text-align: start;\">新平台的兴起和衰落是惊人的（看着你，马克·扎克伯格-当你宣布所谓的Meta时，我们感到震惊！）</p><p style=\"text-align: start;\">不要忘记全球大流行给我们带来了什么（它的影响一直持续到现在！）因此，所有企业都比以往更快地经历了数字化转型。</p><p style=\"text-align: start;\">简而言之，过去对你的营销策略起到了很好的作用，但今天的效果并不一定相同。</p><p style=\"text-align: start;\">考虑到这一点，你需要了解一切，以了解如何创建营销策略并随着时间的推移进行优化。</p><p style=\"text-align: start;\">让我们先仔细了解一下营销策略的确切含义。</p><p style=\"text-align: start;\">这似乎是一个相当简单的术语，我们甚至不需要定义它。</p><p style=\"text-align: start;\">但仔细研究后，你会发现许多实用的概念都是从这个简单的术语开始的！</p><p style=\"text-align: start;\">乍一看，这是一种概述广告和产生潜在客户的方法。但当你把这个概念带到现实世界时；你会发现它要复杂得多！</p>','2023-02-25 11:36:29','2023-02-25 11:36:29',NULL),(23,8,2,'<p style=\"text-align: start;\">未来企业需要根据市场需求，弹性地调整产能，实现个性化定制，制造出智能的产品。这不能仅依靠自动化技术来实现，还必须依靠信息化技术来解决业务层面的问题，为工厂赋予智慧，为市场决策、数据分析、判断、调控、质量管控、售后服务等提供依据和支持。自动化必须与信息化结合才能够发挥最大功效，否则单纯的自动化是没有意义的。自动化改造 大势所趋提高生产效率降低劳动成本节能减排降低了工人的劳动强度提升产品质量及稳定性缩短产品生产周期</p><p style=\"text-align: start;\"><img src=\"/upload/images/2023-02-25/cqrf79zy112ywe58p3.jpg\" alt=\"\" data-href=\"\" style=\"\"></p><p style=\"text-align: start;\">自动化改造方式与途径1、自动化与信息化的融合未来企业需要根据市场需求，弹性地调整产能，实现个性化定制，制造出智能的产品。这不能仅依靠自动化技术来实现，还必须依靠信息化技术来解决业务层面的问题，为工厂赋予智慧，为市场决策、数据分析、判断、调控、质量管控、售后服务等提供依据和支持。自动化必须与信息化结合才能够发挥最大功效，否则单纯的自动化是没有意义的。2、提高装备的智能化制造装备经历了机械装备到数控装备，目前正在逐步发展为智能装备。智能装备具有检测功能，可以实现在机检测，从而补偿加工误差，提高加工精度，还可以对热变形进行补偿。3、提高生产线的智能化智能化生产线在我国制造企业的应用还处于起步阶段，但必然是发展的方向。4、提高车间的智能化一个车间通常有多条生产线，这些生产线要么生产相似零件或产品，要么有上下游的装配关系。要实现车间的智能化，需要对生产状况、设备状态、能源消耗、生产质量、物料消耗等信息进行实时采集和分析，进行高效排产和合理排班，显着提高设备利用率。</p>','2023-02-25 14:12:54','2023-02-25 14:12:54',NULL),(24,9,2,'<p>一、电源投入使用前，请确认以下事项：</p><p><br></p><p>1）安全栅栏有无破损。</p><p><br></p><p>2）是否按要求穿戴工作服。</p><p><br></p><p>3）是否准备保护用品（安全帽、安全鞋等）。</p><p><br></p><p>4）机器人本体、控制箱、控制电缆有无破损。</p><p><br></p><p>5）焊机、焊接电缆有无破损。</p><p><br></p><p>6）安全装置（紧急停止、安全插销、配线等）有无破损。</p><p><br></p><p><br></p><p><br></p><p>二、示教作业前，确认有无异响及异常。</p><p><br></p><p>1）手动操作机器人，确认有无异响及异常。</p><p><br></p><p>2）在伺服电源供电状态按压紧急停止按钮，确认机器人的伺服供电能否正确切断。</p><p><br></p><p>3）在伺服电源供电状态松开示教盒背面的拉杆开关，确认机器人伺服供电能够正确切断。</p><p><br></p><p><br></p><p><br></p><p>三、示教操作过程中，请确认一下事项：</p><p><br></p><p>1）示教作业时，操作场所应确保操作人员可及时避让至机器人动作范围外。</p><p><br></p><p>2）操作机器人时，请尽量面向机器人进行操作（视线勿离开机器人）。</p><p><br></p><p>3）不操作机器人时，尽量避免站立于机器人的动作范围内。</p><p><br></p><p>4）不操作机器人时，按下紧急停止按钮让机器人停止。</p><p><br></p><p><br></p><p><br></p><p>5）在配备安全栅栏等安全对策时，需有协助监视人员陪同，监视人员不在场时，避免操作机器人。</p>','2023-02-25 14:14:08','2023-02-25 14:14:08',NULL),(25,10,2,'<p style=\"text-align: start;\">公司安装有智能装备管理平台，现已安装搬运和焊接机器人310台（套），规划全部建成后将达500余台（套），设备联网率达到95%。焊接流水线已投入使用32条，规划安装50条，产品全流水线自动化率达85%。</p><p style=\"text-align: start;\">全自动双梁主梁内缝机器人焊接工作站</p><p style=\"text-align: start;\"><img src=\"/upload/images/2023-02-25/cqrf9h1inblgqabs4l.jpg\" alt=\"\" data-href=\"\" style=\"\"></p><p style=\"text-align: start;\">该工作站主要用于实现双梁主梁内缝的自动焊接，人工上料横纵基本对中后，通过L臂液压翻转机进行工件±90°翻转，机器人自动寻位焊接。大幅提升了焊缝质量，提升起重机结构件焊接的效能，尤其是在内焊缝的焊接上表现出较大的优势。从而使起重机主梁生产线实现每小时出台成品，生产时间减少40%，客户交付周期缩短50%。2016年起，逐步引进机器人焊接流水线，可完成公司单梁标准产品的各种焊缝焊接。</p>','2023-02-25 14:15:45','2023-02-25 14:15:45',NULL),(26,11,2,'<p><img src=\"/upload/images/2023-02-25/cqrfalo0wcrifnna39.png\" alt=\"\" data-href=\"\" style=\"\"/></p><p>1.小修的工作</p><p>(1)局部拆卸已遭严重磨损或损坏的零．构件；</p><p>(2)清洗被拆卸的零、构件，进行修理或更换；</p><p>(3)检验主轴、刀轴或锯轴，必要时加以修理：</p><p>(4)易损件如轴承、导向装镫和其它摩擦表面的修整或更换；</p><p>(5)工作台、刀架．导尺等工作表面的修整；</p><p>(6)操纵机构、电气联锁装置．开关和定位器的检验和调整；</p><p>(7)液压系统及润滑装置的调整和修理，更换油液：</p><p>(8)传动件的配合精度的检验、弹簧张紧度的调节以及刀架均匀性和工作台移动的调节：</p><p>(9)保护装置、吸尘装置的检查和调整；</p><p>(10)机床空载试车，检验噪音及渝升，工件精度的检查。</p><p><br></p><p>2.中修的工作内容</p><p>(1)拆卸全部零、部件进行清洗和拭净；</p><p>(2)更换易损件，修理主轴、刀轴或锯轴；</p><p>(3)修整工怍台、导向装置及摩擦表面；</p><p>(4)修理液压和润滑设备，更换油液； </p><p>(5)更换传动件，装配机床；</p><p>(6)修理防护装置；</p><p>(7)按照技术要求，检验机床和制品的精度及光洁度；</p><p>(8)空载运转，检查噪音及温升；</p><p>(9)机床外表喷涂油漆；</p><p>(10)恢复标记、标线．刻度和其它标志。</p><p><br></p><p>3.大修</p><p>一般情况是从基础上拆下，整台机床在机修车间进行维修。对大型带锯机可在制材车间大修。</p><p>(1)机床全部拆开。进行清洗、拭净，检查所有零部件；</p><p>(2)更换磨损的刨刀轴及圆锯、铣床、钻床、木工车床等主轴；</p><p>(3)更换磨损的滚动轴承．轴套及轴瓦；</p><p>(4)更换磨损的齿轮、链轮及离合器等；</p><p>( 5 ) 更换磨损的传动轴、丝杼及联轴器：</p><p>( 6 ) 更换磨损的紧固件，如螺栓、键 销等；</p><p>( 7 ) 更换磨损的皮带，链条及其它零件；</p><p>( 8 ) 更换孵损的压板和斜铁；</p><p>( 9 ) 修理对刀装置．调整表示切削厚度的标尺；</p><p>( 10 ) 刨削或修括所有导轨顽，修复或更换工作/.面；</p><p>( 11 ) 修理液压系统和润滑装置，更换油液及润滑剂；</p><p>( 12) 修理防护装置及吸尘管道；</p><p>( 13 ) 机床的装配和调整，调节刀架和支架行程的平滑性及校正操纵机构；</p><p>( 14 ) 检查并校正大毯机床的基础，如大带锯：</p><p>( 15 ) 进行空转及负衍试验，按照技术要求检验删工件的精度发光浩腹；</p><p>( 16 ) 非工作表面喷涂油漆：</p><p>( 17 ) 恢复标记、标线、刻度及其它标志。</p><p>对于般木工机床的修理周期结构，大中小修之比可采用1:9:6及在中删定期检查18次。当然，修理周期结构是在实践中不断调整，以取得最佳效果。</p><p><br></p><p><br></p>','2023-02-25 14:17:14','2023-02-25 14:17:14',NULL),(27,12,2,'<p style=\"text-align: start;\">数控机床的工作原理为：数控装置内的计算机对通过输入装置以数字和字符编码方式所记录的信息进行一系列处理后，再通过伺服系统及可编程序控制器向机床主轴及进给等执行机构发出指令，机床主体则按照这些指令，从而完成工件的加工。</p><p style=\"text-align: start;\"><img src=\"/upload/images/2023-02-25/cqrfbm2d2qy3ufjyf8.jpg\" alt=\"\" data-href=\"\" style=\"\"></p><p style=\"text-align: start;\">数控机床的加工精度一般可达0.05—0.1MM，数控机床是按数字信号形式控制的，数控装置每输出一脉冲信号，则机床移动部件移动一具脉冲当量（一般为0.001MM），而且机床进给传动链的反向间隙与丝杆螺距平均误差可由数控装置进行曲补偿，因此，数控机床定位精度比较高。</p><p style=\"text-align: start;\">数控机床加工前是经调整好后，输入程序并启动，机床就能有自动连续地进行加工，直至加工结束。操作者要做的只是程序的输入、编辑、零件装卸、刀具准备、加工状态的观测、零件的检验等工作，劳动强度大降低，机床操作者的劳动趋于智力型工作。另外，机床一般是结合起来，既清洁，又安全。</p>','2023-02-25 14:18:34','2023-02-25 14:18:34',NULL),(28,13,2,'<p style=\"text-align: start;\">人类在劳动实践中创造了生产工具，最早发明的一些简单工具后来演变成为简单机械，它包括劈、斜面、螺旋、杠杆和滑轮等。在中国战国时期的著作《墨经》中和古希腊阿基米德的著作中都有关于简单机械及其力学原理的论述。</p><p style=\"text-align: center;\"><img src=\"/upload/images/2023-02-25/cqrfcgqq78b115bikg.png\" alt=\"\" data-href=\"\" style=\"\"></p><p style=\"text-align: start;\">　　机械利益 　起初人们应用简单机械主要是为了获得机械利益，即用小的力来获得大的力，或称为增力。如称施于机械上的驱动力为输入力，从机械所获得的有用力为输出力，则机械利益定义为输出力与输入力的比值。除了能改变力的大小外，有时为了改变作用力的方向或作用点的位置而应用简单机械。此外，有时为了增大位移而应用简单机械。例如，仪表的指针、镊子等，在这种情况下，输入力大于输出力。</p><p style=\"text-align: start;\">　　简单机械工作时处于静止或低速运动状态，分析其工作原理时，可以应用力和力矩的平衡条件求得输入力和输出力之间的关系式，此关系式中包含有简单机械的几何参数，例如劈的楔角、斜面的倾角、螺旋的螺纹导角、杠杆支点到力的作用点的距离和滑轮的半径等。如根据这种关系式来改变简单机械的几何参数，可以使小的（或大的）输入力与大的（或小的）输出力相平衡。</p><p style=\"text-align: start;\">　　机械功原理 　当简单机械工作时，可将它的运动分为平动和转动，对这两种不同形式的运动可用不同的方法来计算力所做的功；平动时用力的大小与力的作用点沿力作用线的方向所移动的距离的乘积来计算；转动时用力矩的大小与绕力矩转轴所转动的转角的乘积计算。在一般情形下，输入力做的功为正值，称为输入功；输出力做的功为负值，称为输出功。如不考虑摩擦所消耗的功（例如杠杆和滑轮等），当简单机械处于平衡状态时,输入功与输出功的代数和为零,或输入功与输出功的大小相等，这称为机械功原理。这说明简单机械虽可省力但不能省功。输入力小,但其作用点移动距离大;输出力大，但其作用点移动距离小。所谓力学的“黄金律”：“得之于力者，失之于速度。”早在16世纪当伽利略研究斜面上重物平衡问题时已经发现，这就是从实践中总结出来的机械功原理。</p><p style=\"text-align: start;\">　　研究斜面和螺旋等简单机械时，应考虑摩擦力（见摩擦）所消耗的功。这时机械功原理表示为：输入功、输出功和摩擦力所消耗的功的代数和为零。输出功的值小于输入功的值。输出功与输入功的比值称为机械效率。有摩擦时，机械效率总小于1。</p><p style=\"text-align: start;\">　　简单机械的应用 　简单机械虽然十分古老，但它在现代各种机械和仪器中仍然被广泛采用。在许多机器中都可以找到不同形式的简单机械或由简单机械演变而来的各种机械。典型实例之一如材料强度试验机中的螺旋加载装置、楔形夹持器具、杠杆与滑轮组成的记录装置等。金属切削机床中的操纵手把多由杠杆演变而来，夹具多由劈与斜面演变而来，丝杠则是螺旋的直接应用。在物料运输和提升的装置和设备中，斜面和螺旋的应用更为普遍。这些实例说明：简单机械是现代机械的基础之一。</p>','2023-02-25 14:19:50','2023-02-25 14:19:50',NULL),(29,14,2,'<p>主要执行2-100吨重型设备吊装，可实现80吨大型设备平台吊装。</p><p>起重吊装机具齐全：拥有最大550吨T液压龙门吊、普通龙门吊、25~220T各式汽车起重机、随车吊等吊装工具。</p><p>专业的起重机驾驶员、专业司索执证上岗。</p><p>根据明通设备吊装作业指导手册进行规范化作业</p><p><img src=\"/upload/images/2023-02-25/cqrfebsw9zoubmw3g6.jpg\" alt=\"\" data-href=\"\" style=\"\"/></p><p><br></p><p>1、为保证公司整体搬迁工作有序进行，搬迁工作应遵循“统一领导、分工负责、协调配合”的方针，力求确保顺利搬迁。</p><p><br></p><p>1），注意吊车标牌上标定的起重量，通常都是指吊车的额定起重量，应醒目表示在吊车结构的明显位置上。 　</p><p><br></p><p>2），对于臂架类型吊车来说，其额定起重量是随幅度而变化的，其起重特性指标是用起重力矩来表征的。标牌上标定的值是最大起重量。 　　</p><p><br></p><p>3），带可分吊具（如抓斗、平衡梁等）的吊车，其吊具和物料质量的总服额定起重量，允许起升物料的质量是有效起重量。</p><p> </p><p><br></p><p>2、搬迁步骤：</p><p>一、搬迁前的准备工作；</p><p>二、搬迁中的过程控制；</p><p>三、搬迁吊装后的整理工作和场地；</p><p><br></p><p>上一篇: 美高智能机械举行2021年总结暨启动会议下</p>','2023-02-25 14:22:07','2023-02-25 14:22:07',NULL),(30,15,2,'<p style=\"text-align: start;\">功能特点A、适用范围广:既能实现方瓶/扁瓶(满瓶状态)的侧面(平面)单张贴标/拐角抚标，还能实现圆瓶周向定位单张/双张贴覆功能B、独特的分料机构，确保与生产线联机使用时的可靠、有效分料C、独特的拐角扶标机构确保方瓶三侧面拐角贴标平整、不起皱D、既能单机使用，又能与生产线配合使用</p><p style=\"text-align: start;\">应用*适用标签:不干胶标签，不干胶膜，电子监管码，条形码等;*适用产品:要求在圆周面、圆锥面、四方面上贴附标签或膜的产品;*应用行业:广泛应用于食品、玩具、日化、电子、医药、五金、塑胶等行业;*应用实例:PET圆瓶贴标，塑料瓶贴标，矿泉水贴标等。</p><p style=\"text-align: start;\"><br></p>','2023-02-25 14:23:57','2023-02-25 14:23:57',NULL),(31,16,2,'<p>买房装修，不只客厅、房间要装潢得美美的，卫浴设计也是一大重点哦。尤其浴室是我们每天使用的空间，如果能有温泉汤屋般的舒压气氛，或是明亮实用的设计，不仅日后方便使用，如厕心情也大提升。而普遍住家的卫浴空间约占1.2平，稍微宽敞的可能到1.8平左右，这样的小空间该如何使用，小编就来和大家分享如何规划完美的卫浴空间。</p><p>　　靠前招：淋浴间+浴缸节省空间看这里!</p><p>　　以普遍住家的空间分配来说，若不是属于大坪数的豪宅格局，卫浴通常只有约1.5坪的大小，而基本配置有马桶、面盆、淋浴间，应该如何正确配置就显得格外重要。设计师建议坪数小的浴室，在淋浴间及浴缸二择一即可，若家人习惯泡澡，则可以把浴缸结合淋浴间功能，以达节省空间之效。</p><p>　　第二招：浴室防潮材质选择！</p><p>　　浴室天花板的设计多半使用硅酸钙板，另外也能选择塑铝板，贴覆表面材后较为防潮，适合用于淋浴间或是浴缸正上方。此外，近年来流行的材质之一硅藻泥，具有吸湿、吐气作用，也可以使用在浴室天花板或墙面上。</p><p>　　第三招：实木把浴室变成户外汤屋!</p><p>　　如果是十分重视浴室舒压气氛的人，可以在天花板使用实木，譬如运用杉木来营造自然氛围，泡澡彷彿置身户外温泉般放松。</p><p>　　第四招：浴室收纳不可少，注意选择耐水材质！</p><p>　　较后，浴室免不了盥洗用品的收纳，基本的镜柜、浴柜之外，如果空间足够，也建议屋主可以利用玻璃或耐水的发泡板材质，订做高深收纳柜满足置物需求，只要规划妥当，浴室就能美观又实用。</p><p>　　卫浴空间设计的完美合理，能让你在疲惫的一天结束之后，在这一角落里享受片刻的舒适与放松。</p><p><br></p>','2023-02-25 14:27:30','2023-02-25 14:27:30',NULL),(32,17,2,'<p>10月12日，世人瞩目的2017阿里巴巴“云栖大会”顺利完成了第2天的全部议程。在主论坛上，阿里及各界大佬的演讲主题，纷纷聚焦于IOT、云智能等领域。在分论坛上，云栖大会更是在一天内先后安排了IOT智能城市峰会以及物联网市场专场分享会，为大家详尽介绍了这些新技术的落地实践以及智能化未来的发展趋势。</p><p><br></p><p>可见，IOT、云智能、物联网等领域已经成为了众人关注的新焦点，也撑起了这次云栖大会的半壁江山。而作为代表智能锁行业亮相云栖大会的科技企业，触感这次又在IOT、物联网、云智能等新技术上，领先了行业一步。</p><p><br></p><p>触感此次能带着旗下的数字云智能锁前往云栖大会参展，源于企业对IOT、云智能、物联网等未来新技术、新趋势的准确预判和高度重视。早在2016年，触感就在行业内率先推出了第一款面向消费者的小嘀云智能锁。</p><p><br></p><p>家门口有陌生人徘徊停留、门锁有小偷等不法之徒在企图开锁或破拆、家庭成员被不法分子在门口劫持···以往遇到这些安全隐患，用户往往无法预防或者及时应对。而通过触感旗下的智能云平台、APP、云智能锁、智能猫眼等智能生态链的联动，就能够实现对包括上述情况在内的绝大多数家庭安全隐患的提前预判、及时反馈和智能应变，为用户提供极致的安全体验。</p>','2023-02-25 14:29:09','2023-02-25 14:29:09',NULL);
/*!40000 ALTER TABLE `cms_article_body` ENABLE KEYS */;
UNLOCK TABLES;

--
-- Table structure for table `cms_channel`
--

DROP TABLE IF EXISTS `cms_channel`;
/*!40101 SET @saved_cs_client     = @@character_set_client */;
/*!40101 SET character_set_client = utf8 */;
CREATE TABLE `cms_channel` (
  `id` int(11) unsigned NOT NULL AUTO_INCREMENT COMMENT '频道ID',
  `pid` int(11) DEFAULT '0' COMMENT '父级ID',
  `tid` int(11) DEFAULT '0' COMMENT '顶级id(已经是顶级则为自己)',
  `children_ids` varchar(255) NOT NULL COMMENT '所有子栏目id们(不包含自己)',
  `level` tinyint(4) DEFAULT '0' COMMENT '分类层次',
  `name` varchar(255) DEFAULT '' COMMENT '名称',
  `thumb` varchar(255) DEFAULT '' COMMENT '缩略图',
  `sort` int(11) DEFAULT '0' COMMENT '排名',
  `status` tinyint(4) DEFAULT '0' COMMENT '状态(0:停用;1:启用;)',
  `type` tinyint(4) DEFAULT '0' COMMENT '类型(1:频道;2:单页;3:链接)',
  `link_url` varchar(255) DEFAULT '' COMMENT '链接地址',
  `link_trigger` tinyint(4) DEFAULT '0' COMMENT '链接打开方式(0:当前窗口打开;1:新窗口打开;)',
  `list_router` varchar(100) DEFAULT '' COMMENT '列表页路由',
  `detail_router` varchar(100) DEFAULT '' COMMENT '详情页路由',
  `list_template` varchar(100) DEFAULT '' COMMENT '列表页模板',
  `detail_template` varchar(100) DEFAULT '' COMMENT '详情页模板',
  `description` text COMMENT '频道描述',
  `model` varchar(100) DEFAULT '' COMMENT '模型',
  `created_at` datetime DEFAULT NULL COMMENT '创建时间',
  `updated_at` datetime DEFAULT NULL COMMENT '修改时间',
  `deleted_at` datetime DEFAULT NULL COMMENT '删除时间',
  PRIMARY KEY (`id`)
) ENGINE=InnoDB AUTO_INCREMENT=17 DEFAULT CHARSET=utf8mb4 COMMENT='频道';
/*!40101 SET character_set_client = @saved_cs_client */;

--
-- Dumping data for table `cms_channel`
--

LOCK TABLES `cms_channel` WRITE;
/*!40000 ALTER TABLE `cms_channel` DISABLE KEYS */;
INSERT INTO `cms_channel` VALUES (1,0,1,'2,6',0,'新闻动态','http://baidu.com',2,1,1,'',0,'/news/','/news/{id}.html','','','','article',NULL,'2023-03-17 10:54:52',NULL),(2,1,1,'',1,'公司新闻','',1,1,1,'',0,'/news_company/','/news_company/{id}.html','','','','article',NULL,'2023-03-17 10:54:52',NULL),(4,0,4,'12,13,14,15,16',0,'产品展示','',3,1,1,'',0,'/product/','/product/{id}.html','','','','image',NULL,'2023-02-25 16:42:35',NULL),(5,2,1,'7',2,'12312312','',100,1,1,'',0,'','','','','','article',NULL,'2022-11-27 14:31:21','2022-12-05 20:37:12'),(6,1,1,'',1,'行业动态','',2,1,1,'',0,'/news_industry/','/news_industry/{id}.html','','','','article',NULL,'2023-01-08 20:04:16',NULL),(7,5,1,'',3,'11111','',100,1,1,'',0,'','','','','','article',NULL,'2022-11-27 14:31:40','2022-12-05 20:37:05'),(8,0,8,'',0,'公司简介','/upload/images/2023-01-30/cq57t3ixsaxwurndmg.jpeg',1,1,2,'',0,'/about/','','','','<p style=\"text-align: left;\">机械产品是指机械厂家向用户或市场所提供的成品或附件如汽车、发动机、机床等都称为机械产品.任何机械产品按传统的习惯都可以看作由若干部件组成部件又可分为不同层次的子部件（也称分部件或组件）直至最基本的零件单元。</p><p style=\"text-align: left;\">产品的生产过程是指把原材料变为成品的全过程。机械产品的生产过程一般包括：</p><p style=\"text-align: left;\">⑴生产与技术的准备如工艺设计和专用工艺装备的设计和制造、生产计划的编制、生产资料的准备等；</p><p style=\"text-align: left;\">⑵毛坯的制造如铸造、锻造、冲压等；</p><p style=\"text-align: left;\">⑶零件的加工切削加工、热处理、表面处理等；</p><p style=\"text-align: left;\">⑷产品的装配如总装、部装、调试检验和油漆等；</p><p style=\"text-align: left;\">⑸生产的服务如原材料、外购件和工具的供应、运输、保管等。</p><p style=\"text-align: left;\">零件的加工包括坯料的生产、以及对坯料进行各种机械加工、特种加工和热处理等，使其成为合格零件的过程。极少数零件加工采用精密铸造或精密锻造等无屑加工方法。通常毛坯的生产有铸造、锻造、焊接等；常用的机械加工方法有：钳工加工、车削加工、钻削加工、刨削加工、铣削加工、镗削加工、磨削加工、数控机床加工、拉削加工、研磨加工、珩磨加工等；常用的热处理方法有：正火、退火、回火、时效、调质、淬火等；特种加工有：电火花成型加工、电火花线切割加工、电解加工、激光加工、超声波加工等。只有根据零件的材料、结构、形状、尺寸、使用性能等，选用适当的加工方法，才能保证产品的质量，生产出合格零件。</p>','single_page',NULL,'2023-02-25 11:31:09',NULL),(9,0,9,'',0,'荣誉资质','',4,1,1,'',0,'/honor/','/honor/{id}.html','','','','image',NULL,'2023-01-03 10:25:12',NULL),(10,0,10,'',0,'在线留言','',5,1,2,'',0,'/guestbook/','','{module}/single_page/guestbook.html','','','single_page',NULL,'2023-01-08 17:18:11',NULL),(11,0,11,'',0,'联系我们','',100,1,2,'',0,'/contact/','','','','<p style=\"text-align: start;\">电话：0531-12345678</p><p style=\"text-align: start;\">地址：山东省济南市高新区</p><p style=\"text-align: start;\">Q Q：123456789</p><p style=\"text-align: start;\">邮箱：xxxxxxxxxxxx@163.com</p>','single_page',NULL,'2023-02-25 14:09:26',NULL),(12,4,4,'',1,'加工设备','',1,1,1,'',0,'/product_{id}/','/product/{id}.html','','','','image',NULL,'2023-02-25 16:41:53',NULL),(13,4,4,'',1,'数控机床','',2,1,1,'',0,'/product_{id}/','/product/{id}.html','','','','image',NULL,'2023-02-25 16:42:04',NULL),(14,4,4,'',1,'数控液压机','',3,1,1,'',0,'/product_{id}/','/product/{id}.html','','','','image',NULL,'2023-02-25 16:42:19',NULL),(15,4,4,'',1,'模切机','',4,1,1,'',0,'/product_{id}/','/product/{id}.html','','','','image',NULL,'2023-02-25 16:42:35',NULL),(16,4,4,'',1,'其他','',5,1,1,'',0,'/product_{id}/','/product/{id}.html','','','','image',NULL,'2023-02-25 16:43:27',NULL);
/*!40000 ALTER TABLE `cms_channel` ENABLE KEYS */;
UNLOCK TABLES;

--
-- Table structure for table `cms_friendly_link`
--

DROP TABLE IF EXISTS `cms_friendly_link`;
/*!40101 SET @saved_cs_client     = @@character_set_client */;
/*!40101 SET character_set_client = utf8 */;
CREATE TABLE `cms_friendly_link` (
  `id` int(11) unsigned NOT NULL AUTO_INCREMENT,
  `name` varchar(50) DEFAULT NULL COMMENT '链接名称',
  `url` varchar(255) DEFAULT NULL COMMENT '链接地址',
  `status` tinyint(1) DEFAULT '0' COMMENT '状态',
  `sort` int(3) DEFAULT '0' COMMENT '排序',
  `created_at` datetime DEFAULT NULL,
  `updated_at` datetime DEFAULT NULL,
  PRIMARY KEY (`id`)
) ENGINE=InnoDB AUTO_INCREMENT=7 DEFAULT CHARSET=utf8;
/*!40101 SET character_set_client = @saved_cs_client */;

--
-- Dumping data for table `cms_friendly_link`
--

LOCK TABLES `cms_friendly_link` WRITE;
/*!40000 ALTER TABLE `cms_friendly_link` DISABLE KEYS */;
INSERT INTO `cms_friendly_link` VALUES (5,'百度','http://baidu.com',1,0,'2022-11-14 10:55:48','2022-12-07 13:13:05'),(6,'qq','http://qq.com	',1,0,'2022-11-14 10:56:50','2022-12-07 13:13:10');
/*!40000 ALTER TABLE `cms_friendly_link` ENABLE KEYS */;
UNLOCK TABLES;

--
-- Table structure for table `cms_guestbook`
--

DROP TABLE IF EXISTS `cms_guestbook`;
/*!40101 SET @saved_cs_client     = @@character_set_client */;
/*!40101 SET character_set_client = utf8 */;
CREATE TABLE `cms_guestbook` (
  `id` int(11) unsigned NOT NULL AUTO_INCREMENT,
  `name` varchar(30) CHARACTER SET utf8 DEFAULT NULL COMMENT '留言者姓名',
  `tel` varchar(12) CHARACTER SET utf8 DEFAULT NULL COMMENT '留言者电话',
  `content` varchar(500) CHARACTER SET utf8 DEFAULT NULL COMMENT '留言内容',
  `from` tinyint(1) DEFAULT '0' COMMENT '来源：1、电脑端，2、移动端',
  `ip` varchar(15) CHARACTER SET utf8 DEFAULT NULL COMMENT '留言者ip',
  `address` varchar(100) CHARACTER SET utf8 DEFAULT NULL COMMENT '留言者归属地',
  `status` tinyint(1) DEFAULT '0' COMMENT '留言状态：0、未读，1、已读',
  `created_at` datetime DEFAULT NULL,
  `updated_at` datetime DEFAULT NULL,
  PRIMARY KEY (`id`)
) ENGINE=InnoDB AUTO_INCREMENT=5 DEFAULT CHARSET=utf8mb4;
/*!40101 SET character_set_client = @saved_cs_client */;

--
-- Dumping data for table `cms_guestbook`
--

LOCK TABLES `cms_guestbook` WRITE;
/*!40000 ALTER TABLE `cms_guestbook` DISABLE KEYS */;
INSERT INTO `cms_guestbook` VALUES (1,'测试','13588998855','124514@qq.com<br>12143',1,'58.56.23.42','山东省济南市',0,'2023-04-25 10:45:50','2023-04-25 10:45:50'),(2,'4545','13588778855','121352@qq.com<br>内容',1,'58.56.23.42','山东省济南市',0,'2023-04-25 10:47:12','2023-04-25 10:47:12'),(3,'4545456','13588748596','4545@qq.com<br>456456',1,'58.56.15.66',NULL,0,'2023-08-23 11:02:49','2023-08-23 11:02:49'),(4,'4556','13588778856','45454@qq.com<br>4546',1,'58.56.15.66','山东省济南市',0,'2023-08-23 11:05:35','2023-08-23 11:05:35');
/*!40000 ALTER TABLE `cms_guestbook` ENABLE KEYS */;
UNLOCK TABLES;

--
-- Table structure for table `cms_image`
--

DROP TABLE IF EXISTS `cms_image`;
/*!40101 SET @saved_cs_client     = @@character_set_client */;
/*!40101 SET character_set_client = utf8 */;
CREATE TABLE `cms_image` (
  `id` bigint(20) unsigned NOT NULL AUTO_INCREMENT COMMENT '图片id',
  `title` varchar(100) CHARACTER SET utf8 DEFAULT NULL COMMENT '标题',
  `channel_id` int(11) DEFAULT NULL COMMENT '所属栏目id',
  `images` text COMMENT '图片们',
  `description` text COMMENT '图片描述',
  `flag` set('r','t') CHARACTER SET utf8 DEFAULT '' COMMENT '属性(r:推荐,t:置顶)',
  `status` tinyint(4) DEFAULT '0' COMMENT '审核状态(1:启用,0:停用)',
  `click_num` int(11) DEFAULT NULL COMMENT '点击数',
  `sort` int(11) DEFAULT '100' COMMENT '排序',
  `created_at` datetime DEFAULT NULL COMMENT '发布时间',
  `updated_at` datetime DEFAULT NULL COMMENT '编辑时间',
  `deleted_at` datetime DEFAULT NULL COMMENT '删除时间',
  PRIMARY KEY (`id`),
  KEY `channel_id` (`channel_id`) USING BTREE COMMENT 'channel_id',
  KEY `deleted_at` (`deleted_at`) USING BTREE COMMENT 'deleted_at'
) ENGINE=InnoDB AUTO_INCREMENT=23 DEFAULT CHARSET=utf8mb4;
/*!40101 SET character_set_client = @saved_cs_client */;

--
-- Dumping data for table `cms_image`
--

LOCK TABLES `cms_image` WRITE;
/*!40000 ALTER TABLE `cms_image` DISABLE KEYS */;
INSERT INTO `cms_image` VALUES (1,'荣誉资质一',9,'[\"/upload/images/2023-02-25/cqrbwyqqtzgciljd5u.jpg\"]','荣誉资质一荣誉资质一荣誉资质一荣誉资质一荣誉资质一','',1,7,100,'2023-02-25 11:38:32','2023-11-09 22:45:14',NULL),(2,'荣誉资质二',9,'[\"/upload/images/2023-02-25/cqrbxm1d30t7orzc5q.jpg\"]','荣誉资质二','',1,9,100,'2023-02-25 11:39:13','2023-11-10 04:11:00',NULL),(3,'荣誉资质三',9,'[\"/upload/images/2023-02-25/cqrbxstj18u5nsudgs.jpg\"]','','',1,7,100,'2023-02-25 11:39:27','2023-11-09 16:05:51',NULL),(4,'荣誉资质四',9,'[\"/upload/images/2023-02-25/cqrbxyh7q0q1jq83ot.jpg\"]','','',1,6,100,'2023-02-25 11:39:39','2023-11-16 15:40:44',NULL),(5,'荣誉资质五',9,'[\"/upload/images/2023-02-25/cqrbz1qu8q3ngbddnv.jpg\"]','','',1,6,100,'2023-02-25 11:41:08','2023-11-10 00:29:03',NULL),(6,'荣誉资质六',9,'[\"/upload/images/2023-02-25/cqrbz9uznxs4knbgaj.jpg\"]','','',1,7,100,'2023-02-25 11:41:22','2023-11-10 17:56:54',NULL),(7,'工程精密压床',12,'[\"/upload/images/2023-02-25/cqrigvrp4i8hkgi7ku.png\"]','采用线性导轨、高精度套筒主轴，斜床身，是针对高精度、高刚性、易排削、产品要求侧面（或端面）精度分度、车、铣、功钻、锣等加工工艺的相对不太长的轴类，以及盘类加工工件一次复合完成的零件加工而设计的。','',1,6,100,'2023-02-25 16:47:58','2023-08-31 12:51:38',NULL),(8,'焊接工业机械',12,'[\"/upload/images/2023-02-25/cqrilaxcdu3bvjcmlw.png\",\"/upload/images/2023-02-25/cqrilgidiujdnnzmnq.png\",\"/upload/images/2023-02-25/cqriljjc9lpi0h9yku.png\"]','现代生活中主要的焊接机器人整体的系统中有这么几个过程：焊接机器人专业工作地、焊接机器人生产路线、焊接专机。焊接机器人系统通常适合少量生产，需要焊接物件的焊接缝隙可以又短又多，焊缝形状复杂多样。焊接这门技术作为我国制造业的基础性工艺手段，在实际中的应用并不长久，但其发展却是迅速。焊接机器人一开始是起源于工业机器人的，是用于焊接（包括切割与喷涂两种功能）的工业机器人，主要是用于工业领域的全自动化，更加广泛应用于汽车及其零部件制造、摩托车、工程机械等各个行业，并且在汽车制造生产过程中的每一环节都是必不可少的一个步骤，在这其中最多用到的功能是弧焊、点焊两种。','',1,8,100,'2023-02-25 16:54:11','2023-08-31 00:01:34',NULL),(9,'全自动数控机床',13,'[\"/upload/images/2023-02-25/cqriqhkr2e74fqj2qt.png\",\"/upload/images/2023-02-25/cqriqk551gminnjtc6.png\"]','全自动数控机床全自动数控机床全自动数控机床','',1,6,100,'2023-02-25 16:59:14','2023-11-10 08:52:45',NULL),(10,'气压机器压转',12,'[\"/upload/images/2023-02-25/cqrirnt3qd23rzrrhz.png\"]','','',1,10,100,'2023-02-25 17:00:34','2023-11-16 15:40:28',NULL),(11,'数控液压机',13,'[\"/upload/images/2023-02-25/cqrisug330npb8tblw.png\"]','','',1,5,100,'2023-02-25 17:02:06','2023-11-10 06:11:33',NULL),(12,'滑块式油压冲床',13,'[\"/upload/images/2023-02-25/cqrit8icdmikvep8ic.png\"]','','',1,6,100,'2023-02-25 17:02:38','2023-11-12 13:39:24',NULL),(13,'单项冲床',13,'[\"/upload/images/2023-02-25/cqritmiz8ap2pydwkd.png\"]','','',1,5,100,'2023-02-25 17:03:08','2023-08-31 14:00:17',NULL),(14,'液压数控机床',13,'[\"/upload/images/2023-02-25/cqrivvzeq0hdpopuma.png\"]','','',1,14,100,'2023-02-25 17:06:05','2023-11-15 10:38:50',NULL),(15,'单项数控冲床',13,'[\"/upload/images/2023-02-25/cqriwdkcet32xjc6vr.png\"]','','',1,11,100,'2023-02-25 17:06:43','2023-11-05 09:08:21',NULL),(16,'单层液压机',14,'[\"/upload/images/2023-02-25/cqrjn2p2zgkbs7hspb.png\"]','','',1,5,100,'2023-02-25 17:41:35','2023-08-31 08:07:10',NULL),(17,'快速液压机',14,'[\"/upload/images/2023-02-25/cqrjncrdqjolek8knb.png\"]','','',1,8,100,'2023-02-25 17:41:57','2023-11-16 15:40:39',NULL),(18,'多层液压机',14,'[\"/upload/images/2023-02-25/cqrjnrk0yu47q6bzzt.png\"]','','',1,7,100,'2023-02-25 17:42:30','2023-11-11 17:32:23',NULL),(19,'小型模切机',15,'[\"/upload/images/2023-02-25/cqrjp4zdmobgpi5rjg.jpg\"]','','',1,12,100,'2023-02-25 17:44:17','2023-11-11 18:28:38',NULL),(20,'气泡模切机',15,'[\"/upload/images/2023-02-25/cqrjppgpv08qifkgmm.jpg\"]','','',1,9,100,'2023-02-25 17:45:02','2023-09-30 04:45:52',NULL),(21,'手自一体模切机',15,'[\"/upload/images/2023-02-25/cqrjq7dgiwmkwud2p8.png\"]','','',1,12,100,'2023-02-25 17:45:43','2023-08-31 07:36:19',NULL),(22,'自动模切机',15,'[\"/upload/images/2023-02-25/cqrjqtvy5xtd0itxhe.jpg\"]','','',1,21,100,'2023-02-25 17:46:33','2023-11-14 10:06:10',NULL);
/*!40000 ALTER TABLE `cms_image` ENABLE KEYS */;
UNLOCK TABLES;

--
-- Table structure for table `cms_role`
--

DROP TABLE IF EXISTS `cms_role`;
/*!40101 SET @saved_cs_client     = @@character_set_client */;
/*!40101 SET character_set_client = utf8 */;
CREATE TABLE `cms_role` (
  `id` bigint(20) unsigned NOT NULL AUTO_INCREMENT,
  `title` varchar(100) NOT NULL DEFAULT '' COMMENT '中文名称',
  `description` varchar(255) NOT NULL DEFAULT '',
  `type` varchar(20) NOT NULL DEFAULT '' COMMENT '账户类型',
  `is_enable` tinyint(4) NOT NULL DEFAULT '1' COMMENT '是否可用',
  `is_system` tinyint(4) NOT NULL DEFAULT '0',
  PRIMARY KEY (`id`) USING BTREE
) ENGINE=InnoDB AUTO_INCREMENT=3 DEFAULT CHARSET=utf8;
/*!40101 SET character_set_client = @saved_cs_client */;

--
-- Dumping data for table `cms_role`
--

LOCK TABLES `cms_role` WRITE;
/*!40000 ALTER TABLE `cms_role` DISABLE KEYS */;
INSERT INTO `cms_role` VALUES (1,'超级管理员','超级管理员','backend',1,1),(2,'管理员','管理员','backend',1,0);
/*!40000 ALTER TABLE `cms_role` ENABLE KEYS */;
UNLOCK TABLES;

--
-- Table structure for table `cms_role_account`
--

DROP TABLE IF EXISTS `cms_role_account`;
/*!40101 SET @saved_cs_client     = @@character_set_client */;
/*!40101 SET character_set_client = utf8 */;
CREATE TABLE `cms_role_account` (
  `id` bigint(20) unsigned NOT NULL AUTO_INCREMENT COMMENT 'ID',
  `account_id` bigint(20) unsigned NOT NULL DEFAULT '0' COMMENT '账户id',
  `role_id` int(10) unsigned NOT NULL DEFAULT '0' COMMENT '角色id',
  PRIMARY KEY (`id`),
  KEY `role_id` (`role_id`) USING BTREE COMMENT 'role_id',
  KEY `account_id` (`account_id`) USING BTREE COMMENT 'account_id'
) ENGINE=InnoDB AUTO_INCREMENT=19 DEFAULT CHARSET=utf8;
/*!40101 SET character_set_client = @saved_cs_client */;

--
-- Dumping data for table `cms_role_account`
--

LOCK TABLES `cms_role_account` WRITE;
/*!40000 ALTER TABLE `cms_role_account` DISABLE KEYS */;
INSERT INTO `cms_role_account` VALUES (16,1,1),(18,2,2);
/*!40000 ALTER TABLE `cms_role_account` ENABLE KEYS */;
UNLOCK TABLES;

--
-- Table structure for table `cms_rule_permissions`
--

DROP TABLE IF EXISTS `cms_rule_permissions`;
/*!40101 SET @saved_cs_client     = @@character_set_client */;
/*!40101 SET character_set_client = utf8 */;
CREATE TABLE `cms_rule_permissions` (
  `p_type` varchar(32) NOT NULL DEFAULT '',
  `v0` varchar(255) NOT NULL DEFAULT '',
  `v1` varchar(255) NOT NULL DEFAULT '',
  `v2` varchar(255) NOT NULL DEFAULT '',
  `v3` varchar(255) NOT NULL DEFAULT '',
  `v4` varchar(255) NOT NULL DEFAULT '',
  `v5` varchar(255) NOT NULL DEFAULT '',
  KEY `idx_casbin_rule_test` (`p_type`,`v0`,`v1`)
) ENGINE=InnoDB DEFAULT CHARSET=utf8mb4;
/*!40101 SET character_set_client = @saved_cs_client */;

--
-- Dumping data for table `cms_rule_permissions`
--

LOCK TABLES `cms_rule_permissions` WRITE;
/*!40000 ALTER TABLE `cms_rule_permissions` DISABLE KEYS */;
INSERT INTO `cms_rule_permissions` VALUES ('p','2','backend_api','ad.ad_channel.index','','',''),('p','2','backend_api','setting.shortcut.add','','',''),('p','2','backend_api','ad.ad_list.edit','','',''),('p','2','backend_api','channel.article.edit','','',''),('p','2','backend_api','admin.role.add','','',''),('p','2','backend_api','setting.shortcut.edit','','',''),('p','2','backend_api','channel.recycle_bin.article_batch_destroy','','',''),('p','2','backend_api','channel.recycle_bin.article_list','','',''),('p','2','backend_api','setting.friendly_link.batch_delete','','',''),('p','2','backend_api','channel.article.add','','',''),('p','2','backend_api','channel.channel.status','','',''),('p','2','backend_api','channel.article.sort','','',''),('p','2','backend_api','ad.ad_channel.edit','','',''),('p','2','backend_api','admin.admin.add','','',''),('p','2','backend_api','ad.ad_list.batch_status','','',''),('p','2','backend_api','channel.channel.index','','',''),('p','2','backend_api','admin.admin.edit','','',''),('p','2','backend_api','channel.channel.delete','','',''),('p','2','backend_api','setting.shortcut.batch_delete','','',''),('p','2','backend_api','setting.friendly_link.sort','','',''),('p','2','backend_api','admin.role.delete_batch','','',''),('p','2','backend_api','ad.ad_list.delete','','',''),('p','2','backend_api','setting.setting.save','','',''),('p','2','backend_api','admin.admin.delete','','',''),('p','2','backend_api','channel.channel.add','','',''),('p','2','backend_api','setting.friendly_link.add','','',''),('p','2','backend_api','channel.article.delete','','',''),('p','2','backend_api','channel.article.status','','',''),('p','2','backend_api','channel.article.move','','',''),('p','2','backend_api','channel.recycle_bin.article_batch_restore','','',''),('p','2','backend_api','admin.admin.status','','',''),('p','2','backend_api','ad.ad_list.add','','',''),('p','2','backend_api','guestbook.guestbook.batch_delete','','',''),('p','2','backend_api','channel.article.flag','','',''),('p','2','backend_api','ad.ad_channel.add','','',''),('p','2','backend_api','channel.article.index','','',''),('p','2','backend_api','ad.ad_list.index','','',''),('p','2','backend_api','admin.admin.delete_batch','','',''),('p','2','backend_api','setting.shortcut.sort','','',''),('p','2','backend_api','ad.ad_list.sort','','',''),('p','2','backend_api','channel.channel.edit','','',''),('p','2','backend_api','guestbook.guestbook.status','','',''),('p','2','backend_api','admin.role.edit','','',''),('p','2','backend_api','admin.role.status','','',''),('p','2','backend_api','setting.friendly_link.edit','','',''),('p','2','backend_api','admin.role.delete','','',''),('p','2','backend_api','ad.ad_channel.delete','','',''),('p','2','backend_api','ad.ad_channel.sort','','',''),('p','2','backend','channel.channel.manage','','',''),('p','2','backend','channel.recycle_bin.manage','','',''),('p','2','backend','admin.rule.manage','','',''),('p','2','backend','ad.ad_channel.manage','','',''),('p','2','backend','guestbook.guestbook.manage','','',''),('p','2','backend','admin.rule_channel.manage','','',''),('p','2','backend','ad.ad_list.manage','','',''),('p','2','backend','setting.setting.manage','','',''),('p','2','backend','admin.role.manage','','',''),('p','2','backend','admin.admin.manage','','',''),('p','2','backend','setting.friendly_link.manage','','',''),('p','2','backend','channel.content.manage','','',''),('p','1','backend','channel.channel.manage','','',''),('p','1','backend','channel.content.manage','','',''),('p','1','backend','channel.recycle_bin.manage','','',''),('p','1','backend','ad.ad_channel.manage','','',''),('p','1','backend','ad.ad_list.manage','','',''),('p','1','backend','guestbook.guestbook.manage','','',''),('p','1','backend','admin.admin.manage','','',''),('p','1','backend','admin.role.manage','','',''),('p','1','backend','admin.rule_channel.manage','','',''),('p','1','backend','admin.rule.manage','','',''),('p','1','backend','setting.shortcut.manage','','',''),('p','1','backend','setting.friendly_link.manage','','',''),('p','1','backend','setting.setting.manage','','',''),('p','1','backend_api','channel.channel.index','','',''),('p','1','backend_api','channel.channel.add','','',''),('p','1','backend_api','channel.channel.edit','','',''),('p','1','backend_api','channel.channel.delete','','',''),('p','1','backend_api','channel.channel.status','','',''),('p','1','backend_api','channel.article.index','','',''),('p','1','backend_api','channel.article.add','','',''),('p','1','backend_api','channel.article.edit','','',''),('p','1','backend_api','channel.article.delete','','',''),('p','1','backend_api','channel.article.sort','','',''),('p','1','backend_api','channel.article.flag','','',''),('p','1','backend_api','channel.article.status','','',''),('p','1','backend_api','channel.article.move','','',''),('p','1','backend_api','channel.image.index','','',''),('p','1','backend_api','channel.image.add','','',''),('p','1','backend_api','channel.image.edit','','',''),('p','1','backend_api','channel.image.delete','','',''),('p','1','backend_api','channel.image.sort','','',''),('p','1','backend_api','channel.image.flag','','',''),('p','1','backend_api','channel.image.status','','',''),('p','1','backend_api','channel.image.move','','',''),('p','1','backend_api','channel.recycle_bin.article_list','','',''),('p','1','backend_api','channel.recycle_bin.article_batch_destroy','','',''),('p','1','backend_api','channel.recycle_bin.article_batch_restore','','',''),('p','1','backend_api','channel.recycle_bin.image_list','','',''),('p','1','backend_api','channel.recycle_bin.image_batch_destroy','','',''),('p','1','backend_api','channel.recycle_bin.image_batch_restore','','',''),('p','1','backend_api','ad.ad_channel.index','','',''),('p','1','backend_api','ad.ad_channel.add','','',''),('p','1','backend_api','ad.ad_channel.edit','','',''),('p','1','backend_api','ad.ad_channel.delete','','',''),('p','1','backend_api','ad.ad_channel.sort','','',''),('p','1','backend_api','ad.ad_list.index','','',''),('p','1','backend_api','ad.ad_list.add','','',''),('p','1','backend_api','ad.ad_list.edit','','',''),('p','1','backend_api','ad.ad_list.delete','','',''),('p','1','backend_api','ad.ad_list.sort','','',''),('p','1','backend_api','ad.ad_list.batch_status','','',''),('p','1','backend_api','guestbook.guestbook.status','','',''),('p','1','backend_api','guestbook.guestbook.batch_delete','','',''),('p','1','backend_api','admin.admin.add','','',''),('p','1','backend_api','admin.admin.edit','','',''),('p','1','backend_api','admin.admin.status','','',''),('p','1','backend_api','admin.admin.delete','','',''),('p','1','backend_api','admin.admin.delete_batch','','',''),('p','1','backend_api','admin.role.add','','',''),('p','1','backend_api','admin.role.edit','','',''),('p','1','backend_api','admin.role.status','','',''),('p','1','backend_api','admin.role.delete','','',''),('p','1','backend_api','admin.role.delete_batch','','',''),('p','1','backend_api','setting.shortcut.add','','',''),('p','1','backend_api','setting.shortcut.edit','','',''),('p','1','backend_api','setting.shortcut.sort','','',''),('p','1','backend_api','setting.shortcut.batch_delete','','',''),('p','1','backend_api','setting.friendly_link.add','','',''),('p','1','backend_api','setting.friendly_link.edit','','',''),('p','1','backend_api','setting.friendly_link.sort','','',''),('p','1','backend_api','setting.friendly_link.batch_delete','','',''),('p','1','backend_api','setting.setting.save','','','');
/*!40000 ALTER TABLE `cms_rule_permissions` ENABLE KEYS */;
UNLOCK TABLES;

--
-- Table structure for table `cms_shortcut`
--

DROP TABLE IF EXISTS `cms_shortcut`;
/*!40101 SET @saved_cs_client     = @@character_set_client */;
/*!40101 SET character_set_client = utf8 */;
CREATE TABLE `cms_shortcut` (
  `id` int(11) unsigned NOT NULL AUTO_INCREMENT,
  `account_id` int(11) unsigned NOT NULL DEFAULT '0' COMMENT '用户id',
  `name` varchar(255) COLLATE utf8_unicode_ci DEFAULT NULL COMMENT '快捷方式名称',
  `route` varchar(255) COLLATE utf8_unicode_ci DEFAULT NULL COMMENT '路由',
  `sort` int(255) DEFAULT NULL COMMENT '排序',
  `created_at` datetime DEFAULT NULL,
  `updated_at` datetime DEFAULT NULL,
  PRIMARY KEY (`id`)
) ENGINE=InnoDB AUTO_INCREMENT=5 DEFAULT CHARSET=utf8 COLLATE=utf8_unicode_ci;
/*!40101 SET character_set_client = @saved_cs_client */;

--
-- Dumping data for table `cms_shortcut`
--

LOCK TABLES `cms_shortcut` WRITE;
/*!40000 ALTER TABLE `cms_shortcut` DISABLE KEYS */;
INSERT INTO `cms_shortcut` VALUES (3,1,'添加文章','/article/add',2,'2022-11-13 19:10:08','2022-11-13 19:24:26'),(4,1,'编辑文章','/article/edit',1,'2022-11-13 19:10:31','2022-11-13 19:24:26');
/*!40000 ALTER TABLE `cms_shortcut` ENABLE KEYS */;
UNLOCK TABLES;

--
-- Table structure for table `cms_system_setting`
--

DROP TABLE IF EXISTS `cms_system_setting`;
/*!40101 SET @saved_cs_client     = @@character_set_client */;
/*!40101 SET character_set_client = utf8 */;
CREATE TABLE `cms_system_setting` (
  `id` int(11) unsigned NOT NULL AUTO_INCREMENT,
  `group` varchar(255) DEFAULT NULL,
  `name` varchar(30) DEFAULT NULL COMMENT '名称',
  `value` text COMMENT '值',
  `created_at` datetime DEFAULT NULL,
  `updated_at` datetime DEFAULT NULL,
  PRIMARY KEY (`id`) USING BTREE,
  UNIQUE KEY `k_list` (`group`,`name`) USING BTREE
) ENGINE=InnoDB AUTO_INCREMENT=25 DEFAULT CHARSET=utf8;
/*!40101 SET character_set_client = @saved_cs_client */;

--
-- Dumping data for table `cms_system_setting`
--

LOCK TABLES `cms_system_setting` WRITE;
/*!40000 ALTER TABLE `cms_system_setting` DISABLE KEYS */;
INSERT INTO `cms_system_setting` VALUES (1,'backend','recycle_bin','1','2022-09-03 14:57:41','2023-11-17 01:34:37'),(2,'backend','power_by','我是版权信息','2022-09-03 14:57:41','2023-11-17 01:34:37'),(3,'backend','keywords','我是网站关键词','2022-09-03 14:57:41','2023-11-17 01:34:37'),(4,'backend','address','我是公司地址','2022-09-03 14:57:41','2023-11-17 01:34:37'),(5,'backend','description','我是网站描述','2022-09-03 14:57:41','2023-11-17 01:34:37'),(6,'backend','email','123456789@qq.com','2022-09-03 14:57:41','2023-11-17 01:34:37'),(7,'backend','bei_an','我是备案号','2022-09-03 14:57:41','2023-11-17 01:34:37'),(8,'backend','auto_art_pic','1','2022-09-03 14:57:41','2023-11-17 01:34:37'),(9,'backend','tongji_pc','<script>\n!function(p){\"use strict\";!function(t){var s=window,e=document,i=p,c=\"\".concat(\"https:\"===e.location.protocol?\"https://\":\"http://\",\"sdk.51.la/js-sdk-pro.min.js\"),n=e.createElement(\"script\"),r=e.getElementsByTagName(\"script\")[0];n.type=\"text/javascript\",n.setAttribute(\"charset\",\"UTF-8\"),n.async=!0,n.src=c,n.id=\"LA_COLLECT\",i.d=n;var o=function(){s.LA.ids.push(i)};s.LA?s.LA.ids&&o():(s.LA=p,s.LA.ids=[],o()),r.parentNode.insertBefore(n,r)}()}({id:\"JzR7eve8DOuNLIpm\",ck:\"JzR7eve8DOuNLIpm\"});\n</script>','2022-09-03 14:57:41','2023-11-17 01:34:37'),(10,'backend','corporate_name','山东xxxx有限公司','2022-09-03 14:57:41','2023-11-17 01:34:37'),(11,'backend','tongji_m','<script>\n!function(p){\"use strict\";!function(t){var s=window,e=document,i=p,c=\"\".concat(\"https:\"===e.location.protocol?\"https://\":\"http://\",\"sdk.51.la/js-sdk-pro.min.js\"),n=e.createElement(\"script\"),r=e.getElementsByTagName(\"script\")[0];n.type=\"text/javascript\",n.setAttribute(\"charset\",\"UTF-8\"),n.async=!0,n.src=c,n.id=\"LA_COLLECT\",i.d=n;var o=function(){s.LA.ids.push(i)};s.LA?s.LA.ids&&o():(s.LA=p,s.LA.ids=[],o()),r.parentNode.insertBefore(n,r)}()}({id:\"JzR7eve8DOuNLIpm\",ck:\"JzR7eve8DOuNLIpm\"});\n</script>','2022-09-03 14:57:41','2023-11-17 01:34:37'),(12,'backend','web_name','我是网站名称','2022-09-03 14:57:41','2023-11-17 01:34:37'),(13,'backend','tel','13555555555','2022-09-03 14:57:41','2023-11-17 01:34:37'),(14,'backend','qq','734228006','2022-12-13 11:51:46','2023-11-17 01:34:37'),(15,'backend','file','','2022-12-26 10:22:27','2023-11-17 01:34:37'),(16,'backend','wechat_img','/upload/images/2023-02-28/cqu1wvs8d2bfqafzdr.png','2022-12-26 10:22:27','2023-11-17 01:34:37'),(17,'backend','admin_emails','734228006@qq.com','2022-12-27 16:04:18','2023-11-17 01:34:37'),(18,'backend','guestbook_email_notice','1','2022-12-27 16:04:18','2023-11-17 01:34:37'),(19,'backend','smtp_server','smtp.qq.com','2022-12-27 18:02:43','2023-11-17 01:34:37'),(20,'backend','smtp_email_from','734228006@qq.com','2022-12-27 18:02:43','2023-11-17 01:34:37'),(21,'backend','smtp_user','734228006@qq.com','2022-12-27 18:02:43','2023-11-17 01:34:37'),(22,'backend','smtp_port','25','2022-12-27 18:02:43','2023-11-17 01:34:37'),(23,'backend','smtp_pass','','2022-12-27 18:02:43','2023-11-17 01:34:37'),(24,'backend','image_quality','','2023-11-17 01:34:37','2023-11-17 01:34:37');
/*!40000 ALTER TABLE `cms_system_setting` ENABLE KEYS */;
UNLOCK TABLES;

--
-- Dumping events for database 'gfcms_demo'
--

--
-- Dumping routines for database 'gfcms_demo'
--
/*!40103 SET TIME_ZONE=@OLD_TIME_ZONE */;

/*!40101 SET SQL_MODE=@OLD_SQL_MODE */;
/*!40014 SET FOREIGN_KEY_CHECKS=@OLD_FOREIGN_KEY_CHECKS */;
/*!40014 SET UNIQUE_CHECKS=@OLD_UNIQUE_CHECKS */;
/*!40101 SET CHARACTER_SET_CLIENT=@OLD_CHARACTER_SET_CLIENT */;
/*!40101 SET CHARACTER_SET_RESULTS=@OLD_CHARACTER_SET_RESULTS */;
/*!40101 SET COLLATION_CONNECTION=@OLD_COLLATION_CONNECTION */;
/*!40111 SET SQL_NOTES=@OLD_SQL_NOTES */;

-- Dump completed on 2023-11-22 17:18:53
